物品ID,中文名称,分类,装备部位,适用职业,职业类型,使用等级,品质,物品类型,配置表,物品说明,发放说明
20001,素材·天上,材料,,通用,0,0,2,3,MaterialBase,用于合成进化等用途。,
20002,素材·天下,材料,,通用,0,0,2,3,MaterialBase,用于合成进化等用途。,
20003,素材·天地,材料,,通用,0,0,4,3,MaterialBase,用于合成进化等用途。,
20004,72变宝石,材料,,通用,0,0,4,3,MaterialBase,用于合成进化等用途。,
20005,奇妙之花,材料,,通用,0,0,4,3,MaterialBase,用于合成进化等用途。,
20006,王国之心碎片,材料,,通用,0,0,3,3,MaterialBase,集齐10个可在商店老头处兑换王国之心,
20007,奇妙之心碎片,材料,,通用,0,0,3,3,MaterialBase,集齐10个可在商店老头处兑换王国之心,
20008,进化小元宝,材料,,通用,0,0,3,3,MaterialBase,用于合成进化等用途。,
20009,金条,材料,,通用,0,0,3,3,MaterialBase,可卖给商店获得金币，也可用于完成特殊任务。,
20010,刁蛮女神粮票,材料,,通用,0,0,2,3,MaterialBase,用于合成进化等用途。,
20011,自然女神粮票,材料,,通用,0,0,2,3,MaterialBase,用于合成进化等用途。,
20012,希望女神粮票,材料,,通用,0,0,2,3,MaterialBase,用于合成进化等用途。,
20013,性感女神粮票,材料,,通用,0,0,2,3,MaterialBase,用于合成进化等用途。,
20014,刁蛮女神面具,材料,,通用,0,0,2,3,MaterialBase,用于合成进化等用途。,
20015,自然女神面具,材料,,通用,0,0,2,3,MaterialBase,用于合成进化等用途。,
20016,希望女神面具,材料,,通用,0,0,2,3,MaterialBase,用于合成进化等用途。,
20017,性感女神面具,材料,,通用,0,0,2,3,MaterialBase,用于合成进化等用途。,
20018,生命女神面具,材料,,通用,0,0,2,3,MaterialBase,用于合成进化等用途。,
20019,大地泡泡棉,材料,,通用,0,0,2,3,MaterialBase,用于合成进化等用途。,
20020,海洋泡泡棉,材料,,通用,0,0,2,3,MaterialBase,用于合成进化等用途。,
20021,刁蛮泡泡棉,材料,,通用,0,0,2,3,MaterialBase,用于合成进化等用途。,
20022,绿原泡泡棉,材料,,通用,0,0,2,3,MaterialBase,用于合成进化等用途。,
20023,火山泡泡棉,材料,,通用,0,0,2,3,MaterialBase,用于合成进化等用途。,
20024,破烂的古董,材料,,通用,0,0,1,3,MaterialBase,用于合成进化等用途。,
20025,完好的古董,材料,,通用,0,0,2,3,MaterialBase,用于合成进化等用途。,
20026,珍贵的古董,材料,,通用,0,0,3,3,MaterialBase,用于合成进化等用途。,
20027,怪物头颅,材料,,通用,0,0,2,3,MaterialBase,用于合成进化等用途。,
20028,碎布片,材料,,通用,0,0,2,3,MaterialBase,用于合成进化等用途，集齐10个可以进化为精制布片。,
20029,怪物角,材料,,通用,0,0,2,3,MaterialBase,用于合成进化等用途。,
20030,怪物内丹,材料,,通用,0,0,2,3,MaterialBase,用于合成进化等用途。,
20031,怪物精华,材料,,通用,0,0,2,3,MaterialBase,用于合成进化等用途。,
20032,女神之吻,材料,,通用,0,0,3,3,MaterialBase,用于合成进化等用途。,
20033,月亮之眼,材料,,通用,0,0,3,3,MaterialBase,用于合成进化等用途。,
20034,海洋之星,材料,,通用,0,0,3,3,MaterialBase,用于合成进化等用途。,
20035,女神之结,材料,,通用,0,0,3,3,MaterialBase,用于合成进化等用途。,
20036,大地之心,材料,,通用,0,0,3,3,MaterialBase,用于合成进化等用途。,
20037,有用的零件,材料,,通用,0,0,2,3,MaterialBase,用于合成进化等用途。,
20038,精制布片,材料,,通用,0,0,3,3,MaterialBase,用于合成进化等用途。,
20039,有用的零件,材料,,通用,0,0,2,3,MaterialBase,用于合成进化等用途。,
20040,火之怪物灵魂,材料,,通用,0,0,2,3,MaterialBase,用于合成进化等用途。,
20041,木之怪物灵魂,材料,,通用,0,0,2,3,MaterialBase,用于合成进化等用途。,
20042,水之怪物灵魂,材料,,通用,0,0,2,3,MaterialBase,用于合成进化等用途。,
20043,金之怪物灵魂,材料,,通用,0,0,2,3,MaterialBase,用于合成进化等用途。,
20044,土之怪物灵魂,材料,,通用,0,0,2,3,MaterialBase,用于合成进化等用途。,
20045,太阳之晶,材料,,通用,0,0,2,3,MaterialBase,用于合成进化等用途。,
20046,生命之晶·一级,宝石,,通用,0,0,1,3,MaterialBase,用于装备炼化，可在背包进化为更高级的宝石,
20047,蓝晶石·一级,宝石,,通用,0,0,1,3,MaterialBase,用于装备炼化，可在背包进化为更高级的宝石,
20048,耀世·一级,宝石,,通用,0,0,1,3,MaterialBase,用于装备炼化，可在背包进化为更高级的宝石,
20049,紫薇·一级,宝石,,通用,0,0,1,3,MaterialBase,用于装备炼化，可在背包进化为更高级的宝石,
20050,琥珀石·一级,宝石,,通用,0,0,1,3,MaterialBase,用于装备炼化，可在背包进化为更高级的宝石,
20051,猫妖石·一级,宝石,,通用,0,0,1,3,MaterialBase,用于装备炼化，可在背包进化为更高级的宝石,
20052,精神水晶·一级,宝石,,通用,0,0,1,3,MaterialBase,用于装备炼化，可在背包进化为更高级的宝石,
20053,祖母绿·一级,宝石,,通用,0,0,1,3,MaterialBase,用于装备炼化，可在背包进化为更高级的宝石,
20054,辉夜·一级,宝石,,通用,0,0,1,3,MaterialBase,用于装备炼化，可在背包进化为更高级的宝石,
20055,光华·一级,宝石,,通用,0,0,1,3,MaterialBase,用于装备炼化，可在背包进化为更高级的宝石,
20056,紫晶·一级,宝石,,通用,0,0,1,3,MaterialBase,用于装备炼化，可在背包进化为更高级的宝石,
20057,灰晶石·一级,宝石,,通用,0,0,1,3,MaterialBase,用于装备炼化，可在背包进化为更高级的宝石,
20058,翂石·一级,宝石,,通用,0,0,1,3,MaterialBase,用于装备炼化，可在背包进化为更高级的宝石,
20059,生命之晶·二级,宝石,,通用,0,0,1,3,MaterialBase,用于装备炼化，可在背包进化为更高级的宝石,
20060,蓝晶石·二级,宝石,,通用,0,0,1,3,MaterialBase,用于装备炼化，可在背包进化为更高级的宝石,
20061,耀世·二级,宝石,,通用,0,0,1,3,MaterialBase,用于装备炼化，可在背包进化为更高级的宝石,
20062,紫薇·二级,宝石,,通用,0,0,1,3,MaterialBase,用于装备炼化，可在背包进化为更高级的宝石,
20063,琥珀石·二级,宝石,,通用,0,0,1,3,MaterialBase,用于装备炼化，可在背包进化为更高级的宝石,
20064,猫妖石·二级,宝石,,通用,0,0,1,3,MaterialBase,用于装备炼化，可在背包进化为更高级的宝石,
20065,精神水晶·二级,宝石,,通用,0,0,1,3,MaterialBase,用于装备炼化，可在背包进化为更高级的宝石,
20066,祖母绿·二级,宝石,,通用,0,0,1,3,MaterialBase,用于装备炼化，可在背包进化为更高级的宝石,
20067,辉夜·二级,宝石,,通用,0,0,1,3,MaterialBase,用于装备炼化，可在背包进化为更高级的宝石,
20068,光华·二级,宝石,,通用,0,0,1,3,MaterialBase,用于装备炼化，可在背包进化为更高级的宝石,
20069,紫晶·二级,宝石,,通用,0,0,1,3,MaterialBase,用于装备炼化，可在背包进化为更高级的宝石,
20070,灰晶石·二级,宝石,,通用,0,0,1,3,MaterialBase,用于装备炼化，可在背包进化为更高级的宝石,
20071,翂石·二级,宝石,,通用,0,0,1,3,MaterialBase,用于装备炼化，可在背包进化为更高级的宝石,
20072,生命之晶·三级,宝石,,通用,0,0,2,3,MaterialBase,用于装备炼化，可在背包进化为更高级的宝石,
20073,蓝晶石·三级,宝石,,通用,0,0,2,3,MaterialBase,用于装备炼化，可在背包进化为更高级的宝石,
20074,耀世·三级,宝石,,通用,0,0,2,3,MaterialBase,用于装备炼化，可在背包进化为更高级的宝石,
20075,紫薇·三级,宝石,,通用,0,0,2,3,MaterialBase,用于装备炼化，可在背包进化为更高级的宝石,
20076,琥珀石·三级,宝石,,通用,0,0,2,3,MaterialBase,用于装备炼化，可在背包进化为更高级的宝石,
20077,猫妖石·三级,宝石,,通用,0,0,2,3,MaterialBase,用于装备炼化，可在背包进化为更高级的宝石,
20078,精神水晶·三级,宝石,,通用,0,0,2,3,MaterialBase,用于装备炼化，可在背包进化为更高级的宝石,
20079,祖母绿·三级,宝石,,通用,0,0,2,3,MaterialBase,用于装备炼化，可在背包进化为更高级的宝石,
20080,辉夜·三级,宝石,,通用,0,0,2,3,MaterialBase,用于装备炼化，可在背包进化为更高级的宝石,
20081,光华·三级,宝石,,通用,0,0,2,3,MaterialBase,用于装备炼化，可在背包进化为更高级的宝石,
20082,紫晶·三级,宝石,,通用,0,0,2,3,MaterialBase,用于装备炼化，可在背包进化为更高级的宝石,
20083,灰晶石·三级,宝石,,通用,0,0,2,3,MaterialBase,用于装备炼化，可在背包进化为更高级的宝石,
20084,翂石·三级,宝石,,通用,0,0,2,3,MaterialBase,用于装备炼化，可在背包进化为更高级的宝石,
20085,生命之晶·四级,宝石,,通用,0,0,3,3,MaterialBase,用于装备炼化，可在背包进化为更高级的宝石,
20086,蓝晶石·四级,宝石,,通用,0,0,3,3,MaterialBase,用于装备炼化，可在背包进化为更高级的宝石,
20087,耀世·四级,宝石,,通用,0,0,3,3,MaterialBase,用于装备炼化，可在背包进化为更高级的宝石,
20088,紫薇·四级,宝石,,通用,0,0,3,3,MaterialBase,用于装备炼化，可在背包进化为更高级的宝石,
20089,琥珀石·四级,宝石,,通用,0,0,3,3,MaterialBase,用于装备炼化，可在背包进化为更高级的宝石,
20090,猫妖石·四级,宝石,,通用,0,0,3,3,MaterialBase,用于装备炼化，可在背包进化为更高级的宝石,
20091,精神水晶·四级,宝石,,通用,0,0,3,3,MaterialBase,用于装备炼化，可在背包进化为更高级的宝石,
20092,祖母绿·四级,宝石,,通用,0,0,3,3,MaterialBase,用于装备炼化，可在背包进化为更高级的宝石,
20093,辉夜·四级,宝石,,通用,0,0,3,3,MaterialBase,用于装备炼化，可在背包进化为更高级的宝石,
20094,光华·四级,宝石,,通用,0,0,3,3,MaterialBase,用于装备炼化，可在背包进化为更高级的宝石,
20095,紫晶·四级,宝石,,通用,0,0,3,3,MaterialBase,用于装备炼化，可在背包进化为更高级的宝石,
20096,灰晶石·四级,宝石,,通用,0,0,3,3,MaterialBase,用于装备炼化，可在背包进化为更高级的宝石,
20097,翂石·四级,宝石,,通用,0,0,3,3,MaterialBase,用于装备炼化，可在背包进化为更高级的宝石,
20098,生命之晶·五级,宝石,,通用,0,0,4,3,MaterialBase,用于装备炼化，可在背包进化为更高级的宝石,
20099,蓝晶石·五级,宝石,,通用,0,0,4,3,MaterialBase,用于装备炼化，可在背包进化为更高级的宝石,
20100,耀世·五级,宝石,,通用,0,0,4,3,MaterialBase,用于装备炼化，可在背包进化为更高级的宝石,
20101,紫薇·五级,宝石,,通用,0,0,4,3,MaterialBase,用于装备炼化，可在背包进化为更高级的宝石,
20102,琥珀石·五级,宝石,,通用,0,0,4,3,MaterialBase,用于装备炼化，可在背包进化为更高级的宝石,
20103,猫妖石·五级,宝石,,通用,0,0,4,3,MaterialBase,用于装备炼化，可在背包进化为更高级的宝石,
20104,精神水晶·五级,宝石,,通用,0,0,4,3,MaterialBase,用于装备炼化，可在背包进化为更高级的宝石,
20105,祖母绿·五级,宝石,,通用,0,0,4,3,MaterialBase,用于装备炼化，可在背包进化为更高级的宝石,
20106,辉夜·五级,宝石,,通用,0,0,4,3,MaterialBase,用于装备炼化，可在背包进化为更高级的宝石,
20107,光华·五级,宝石,,通用,0,0,4,3,MaterialBase,用于装备炼化，可在背包进化为更高级的宝石,
20108,紫晶·五级,宝石,,通用,0,0,4,3,MaterialBase,用于装备炼化，可在背包进化为更高级的宝石,
20109,灰晶石·五级,宝石,,通用,0,0,4,3,MaterialBase,用于装备炼化，可在背包进化为更高级的宝石,
20110,翂石·五级,宝石,,通用,0,0,4,3,MaterialBase,用于装备炼化，可在背包进化为更高级的宝石,
20111,生命之晶·六级,宝石,,通用,0,0,4,3,MaterialBase,用于装备炼化，可在背包进化为更高级的宝石,
20112,蓝晶石·六级,宝石,,通用,0,0,4,3,MaterialBase,用于装备炼化，可在背包进化为更高级的宝石,
20113,耀世·六级,宝石,,通用,0,0,4,3,MaterialBase,用于装备炼化，可在背包进化为更高级的宝石,
20114,紫薇·六级,宝石,,通用,0,0,4,3,MaterialBase,用于装备炼化，可在背包进化为更高级的宝石,
20115,琥珀石·六级,宝石,,通用,0,0,4,3,MaterialBase,用于装备炼化，可在背包进化为更高级的宝石,
20116,猫妖石·六级,宝石,,通用,0,0,4,3,MaterialBase,用于装备炼化，可在背包进化为更高级的宝石,
20117,精神水晶·六级,宝石,,通用,0,0,4,3,MaterialBase,用于装备炼化，可在背包进化为更高级的宝石,
20118,祖母绿·六级,宝石,,通用,0,0,4,3,MaterialBase,用于装备炼化，可在背包进化为更高级的宝石,
20119,辉夜·六级,宝石,,通用,0,0,4,3,MaterialBase,用于装备炼化，可在背包进化为更高级的宝石,
20120,光华·六级,宝石,,通用,0,0,4,3,MaterialBase,用于装备炼化，可在背包进化为更高级的宝石,
20121,紫晶·六级,宝石,,通用,0,0,4,3,MaterialBase,用于装备炼化，可在背包进化为更高级的宝石,
20122,灰晶石·六级,宝石,,通用,0,0,4,3,MaterialBase,用于装备炼化，可在背包进化为更高级的宝石,
20123,翂石·六级,宝石,,通用,0,0,4,3,MaterialBase,用于装备炼化，可在背包进化为更高级的宝石,
20124,生命之晶·七级,宝石,,通用,0,0,4,3,MaterialBase,用于装备炼化，可在背包进化为更高级的宝石,
20125,蓝晶石·七级,宝石,,通用,0,0,4,3,MaterialBase,用于装备炼化，可在背包进化为更高级的宝石,
20126,耀世·七级,宝石,,通用,0,0,4,3,MaterialBase,用于装备炼化，可在背包进化为更高级的宝石,
20127,紫薇·七级,宝石,,通用,0,0,4,3,MaterialBase,用于装备炼化，可在背包进化为更高级的宝石,
20128,琥珀石·七级,宝石,,通用,0,0,4,3,MaterialBase,用于装备炼化，可在背包进化为更高级的宝石,
20129,猫妖石·七级,宝石,,通用,0,0,4,3,MaterialBase,用于装备炼化，可在背包进化为更高级的宝石,
20130,精神水晶·七级,宝石,,通用,0,0,4,3,MaterialBase,用于装备炼化，可在背包进化为更高级的宝石,
20131,祖母绿·七级,宝石,,通用,0,0,4,3,MaterialBase,用于装备炼化，可在背包进化为更高级的宝石,
20132,辉夜·七级,宝石,,通用,0,0,4,3,MaterialBase,用于装备炼化，可在背包进化为更高级的宝石,
20133,光华·七级,宝石,,通用,0,0,4,3,MaterialBase,用于装备炼化，可在背包进化为更高级的宝石,
20134,紫晶·七级,宝石,,通用,0,0,4,3,MaterialBase,用于装备炼化，可在背包进化为更高级的宝石,
20135,灰晶石·七级,宝石,,通用,0,0,4,3,MaterialBase,用于装备炼化，可在背包进化为更高级的宝石,
20136,翂石·七级,宝石,,通用,0,0,4,3,MaterialBase,用于装备炼化，可在背包进化为更高级的宝石,
20137,王国之心,材料,,通用,0,0,4,3,MaterialBase,传说品质的材料，价值连城。,
20138,奇妙之心,材料,,通用,0,0,4,3,MaterialBase,传说品质的材料，价值连城。,
20139,情比金坚,材料,,通用,0,0,4,3,MaterialBase,结婚凭证。,
20140,金砂,材料,,通用,0,0,4,3,MaterialBase,用于合成进化等用途。,
20141,转生DNA,材料,,通用,0,0,4,3,MaterialBase,获得转生资格的凭证。,
20142,奇妙精华,材料,,通用,0,0,4,3,MaterialBase,用于合成进化等用途。,
20143,进化原石,材料,,通用,0,0,3,3,MaterialBase,用于合成进化等用途。,
20144,进化神石,材料,,通用,0,0,4,3,MaterialBase,用于合成进化等用途。,
20145,博士的胶囊,材料,,通用,0,0,4,3,MaterialBase,用于合成进化等用途。,
20146,奇妙宝石,材料,,通用,0,0,4,3,MaterialBase,用于合成进化等用途。,
20147,荣誉之徽章,材料,,通用,0,0,3,3,MaterialBase,用于合成进化等用途。,
20148,时空秒表,材料,,通用,0,0,4,3,MaterialBase,用于合成进化等用途。,
20149,素材·无双,材料,,通用,0,0,4,3,MaterialBase,用于合成进化等用途。,
20150,进化元宝,材料,,通用,0,0,4,3,MaterialBase,用于合成进化等用途。,
20151,击杀BOOS凭证,材料,,通用,0,0,3,3,MaterialBase,用于合成进化等用途。,
20152,铯晶体·一级,宝石,,通用,0,0,1,3,MaterialBase,用于装备炼化，可在背包进化为更高级的宝石,
20153,铯宝石·一级,宝石,,通用,0,0,1,3,MaterialBase,用于装备炼化，可在背包进化为更高级的宝石,
20154,石榴石·一级,宝石,,通用,0,0,1,3,MaterialBase,用于装备炼化，可在背包进化为更高级的宝石,
20155,彩晶石·一级,宝石,,通用,0,0,1,3,MaterialBase,用于装备炼化，可在背包进化为更高级的宝石,
20156,虎眼石·一级,宝石,,通用,0,0,1,3,MaterialBase,用于装备炼化，可在背包进化为更高级的宝石,
20157,猫眼石·一级,宝石,,通用,0,0,1,3,MaterialBase,用于装备炼化，可在背包进化为更高级的宝石,
20158,铯晶体·二级,宝石,,通用,0,0,1,3,MaterialBase,用于装备炼化，可在背包进化为更高级的宝石,
20159,铯宝石·二级,宝石,,通用,0,0,1,3,MaterialBase,用于装备炼化，可在背包进化为更高级的宝石,
20160,石榴石·二级,宝石,,通用,0,0,1,3,MaterialBase,用于装备炼化，可在背包进化为更高级的宝石,
20161,彩晶石·二级,宝石,,通用,0,0,1,3,MaterialBase,用于装备炼化，可在背包进化为更高级的宝石,
20162,虎眼石·二级,宝石,,通用,0,0,1,3,MaterialBase,用于装备炼化，可在背包进化为更高级的宝石,
20163,猫眼石·二级,宝石,,通用,0,0,1,3,MaterialBase,用于装备炼化，可在背包进化为更高级的宝石,
20164,铯晶体·三级,宝石,,通用,0,0,1,3,MaterialBase,用于装备炼化，可在背包进化为更高级的宝石,
20165,铯宝石·三级,宝石,,通用,0,0,1,3,MaterialBase,用于装备炼化，可在背包进化为更高级的宝石,
20166,石榴石·三级,宝石,,通用,0,0,1,3,MaterialBase,用于装备炼化，可在背包进化为更高级的宝石,
20167,彩晶石·三级,宝石,,通用,0,0,1,3,MaterialBase,用于装备炼化，可在背包进化为更高级的宝石,
20168,虎眼石·三级,宝石,,通用,0,0,1,3,MaterialBase,用于装备炼化，可在背包进化为更高级的宝石,
20169,猫眼石·三级,宝石,,通用,0,0,1,3,MaterialBase,用于装备炼化，可在背包进化为更高级的宝石,
20170,铯晶体·四级,宝石,,通用,0,0,1,3,MaterialBase,用于装备炼化，可在背包进化为更高级的宝石,
20171,铯宝石·四级,宝石,,通用,0,0,1,3,MaterialBase,用于装备炼化，可在背包进化为更高级的宝石,
20172,石榴石·四级,宝石,,通用,0,0,1,3,MaterialBase,用于装备炼化，可在背包进化为更高级的宝石,
20173,彩晶石·四级,宝石,,通用,0,0,1,3,MaterialBase,用于装备炼化，可在背包进化为更高级的宝石,
20174,虎眼石·四级,宝石,,通用,0,0,1,3,MaterialBase,用于装备炼化，可在背包进化为更高级的宝石,
20175,猫眼石·四级,宝石,,通用,0,0,1,3,MaterialBase,用于装备炼化，可在背包进化为更高级的宝石,
20176,铯晶体·五级,宝石,,通用,0,0,1,3,MaterialBase,用于装备炼化，可在背包进化为更高级的宝石,
20177,铯宝石·五级,宝石,,通用,0,0,1,3,MaterialBase,用于装备炼化，可在背包进化为更高级的宝石,
20178,石榴石·五级,宝石,,通用,0,0,1,3,MaterialBase,用于装备炼化，可在背包进化为更高级的宝石,
20179,彩晶石·五级,宝石,,通用,0,0,1,3,MaterialBase,用于装备炼化，可在背包进化为更高级的宝石,
20180,虎眼石·五级,宝石,,通用,0,0,1,3,MaterialBase,用于装备炼化，可在背包进化为更高级的宝石,
20181,猫眼石·五级,宝石,,通用,0,0,1,3,MaterialBase,用于装备炼化，可在背包进化为更高级的宝石,
20182,铯晶体·六级,宝石,,通用,0,0,1,3,MaterialBase,用于装备炼化，可在背包进化为更高级的宝石,
20183,铯宝石·六级,宝石,,通用,0,0,1,3,MaterialBase,用于装备炼化，可在背包进化为更高级的宝石,
20184,石榴石·六级,宝石,,通用,0,0,1,3,MaterialBase,用于装备炼化，可在背包进化为更高级的宝石,
20185,彩晶石·六级,宝石,,通用,0,0,1,3,MaterialBase,用于装备炼化，可在背包进化为更高级的宝石,
20186,虎眼石·六级,宝石,,通用,0,0,1,3,MaterialBase,用于装备炼化，可在背包进化为更高级的宝石,
20187,猫眼石·六级,宝石,,通用,0,0,1,3,MaterialBase,用于装备炼化，可在背包进化为更高级的宝石,
20188,铯晶体·七级,宝石,,通用,0,0,1,3,MaterialBase,用于装备炼化，可在背包进化为更高级的宝石,
20189,铯宝石·七级,宝石,,通用,0,0,1,3,MaterialBase,用于装备炼化，可在背包进化为更高级的宝石,
20190,石榴石·七级,宝石,,通用,0,0,1,3,MaterialBase,用于装备炼化，可在背包进化为更高级的宝石,
20191,彩晶石·七级,宝石,,通用,0,0,1,3,MaterialBase,用于装备炼化，可在背包进化为更高级的宝石,
20192,虎眼石·七级,宝石,,通用,0,0,1,3,MaterialBase,用于装备炼化，可在背包进化为更高级的宝石,
20193,猫眼石·七级,宝石,,通用,0,0,1,3,MaterialBase,用于装备炼化，可在背包进化为更高级的宝石,
20200,无用物品,材料,,通用,0,0,3,3,MaterialBase,无用材料,
20201,无用物品,材料,,通用,0,0,4,3,MaterialBase,无用材料,
20202,女武神的认可,材料,,通用,0,0,4,3,MaterialBase,用于制作形象的必须品,
20203,光之战士的认可,材料,,通用,0,0,4,3,MaterialBase,用于制作形象的必须品,
20204,暗之战士的认可,材料,,通用,0,0,4,3,MaterialBase,用于制作形象的必须品,
20205,魔女的认可,材料,,通用,0,0,4,3,MaterialBase,用于制作形象的必须品,
20206,魔银·改,材料,,通用,0,0,4,3,MaterialBase,蕴含神秘力量，用途未知,
20207,魔银·极,材料,,通用,0,0,4,3,MaterialBase,蕴含神秘力量，用途未知,
20208,魔银·尊,材料,,通用,0,0,4,3,MaterialBase,蕴含神秘力量，用途未知,
20209,魔银·王,材料,,通用,0,0,4,3,MaterialBase,蕴含神秘力量，用途未知,
20210,魔银·皇,材料,,通用,0,0,4,3,MaterialBase,蕴含神秘力量，用途未知,
20211,魔银·生,材料,,通用,0,0,4,3,MaterialBase,蕴含神秘力量，用途未知,
20212,魔银·影,材料,,通用,0,0,4,3,MaterialBase,蕴含神秘力量，用途未知,
20213,上古卷轴※生者必灭,材料,,通用,0,0,4,3,MaterialBase,上古卷轴，没有超绝的实力，无法使用此物品,
20214,上古卷轴※影,材料,,通用,0,0,4,3,MaterialBase,上古卷轴，没有超绝的实力，无法使用此物品,
20215,上古陨石,材料,,通用,0,0,4,3,MaterialBase,用于装备强化，赋予装备更强大的力量,
20216,护士技能秘籍,材料,,通用,0,0,2,3,MaterialBase,书中蕴含带有无穷奥秘的文字，可以帮助学习神奇的技能，需要特定职业方可参透,
20217,军官技能秘籍,材料,,通用,0,0,2,3,MaterialBase,书中蕴含带有无穷奥秘的文字，可以帮助学习神奇的技能，需要特定职业方可参透,
20218,超能力技能秘籍,材料,,通用,0,0,2,3,MaterialBase,书中蕴含带有无穷奥秘的文字，可以帮助学习神奇的技能，需要特定职业方可参透,
20219,运动员技能秘籍,材料,,通用,0,0,2,3,MaterialBase,书中蕴含带有无穷奥秘的文字，可以帮助学习神奇的技能，需要特定职业方可参透,
20220,护士技能典籍,材料,,通用,0,0,3,3,MaterialBase,书中蕴含带有无穷奥秘的文字，可以帮助学习神奇的技能，需要特定职业方可参透,
20221,军官技能典籍,材料,,通用,0,0,3,3,MaterialBase,书中蕴含带有无穷奥秘的文字，可以帮助学习神奇的技能，需要特定职业方可参透,
20222,超能力技能典籍,材料,,通用,0,0,3,3,MaterialBase,书中蕴含带有无穷奥秘的文字，可以帮助学习神奇的技能，需要特定职业方可参透,
20223,运动员技能典籍,材料,,通用,0,0,3,3,MaterialBase,书中蕴含带有无穷奥秘的文字，可以帮助学习神奇的技能，需要特定职业方可参透,
20224,护士技能上古卷轴,材料,,通用,0,0,4,3,MaterialBase,书中蕴含带有无穷奥秘的文字，可以帮助学习神奇的技能，需要特定职业方可参透,
20225,军官技能上古卷轴,材料,,通用,0,0,4,3,MaterialBase,书中蕴含带有无穷奥秘的文字，可以帮助学习神奇的技能，需要特定职业方可参透,
20226,超能力技能上古卷轴,材料,,通用,0,0,4,3,MaterialBase,书中蕴含带有无穷奥秘的文字，可以帮助学习神奇的技能，需要特定职业方可参透,
20227,运动员技能上古卷轴,材料,,通用,0,0,4,3,MaterialBase,书中蕴含带有无穷奥秘的文字，可以帮助学习神奇的技能，需要特定职业方可参透,
20228,饕餮设计书,材料,,通用,0,0,3,3,MaterialBase,某种装备的设计书，用来打造装备。,
20229,淫欲设计书,材料,,通用,0,0,3,3,MaterialBase,某种装备的设计书，用来打造装备。,
20230,贪婪设计书,材料,,通用,0,0,3,3,MaterialBase,某种装备的设计书，用来打造装备。,
20231,愤怒设计书,材料,,通用,0,0,3,3,MaterialBase,某种装备的设计书，用来打造装备。,
20232,嫉妒设计书,材料,,通用,0,0,3,3,MaterialBase,某种装备的设计书，用来打造装备。,
20233,懒惰设计书,材料,,通用,0,0,3,3,MaterialBase,某种装备的设计书，用来打造装备。,
20234,傲慢设计书,材料,,通用,0,0,3,3,MaterialBase,某种装备的设计书，用来打造装备。,
20235,世界守护者项链设计书,材料,,通用,0,0,3,3,MaterialBase,某种装备的设计书，用来打造装备。,
20236,素材·天上·特,材料,,通用,0,0,2,3,MaterialBase,用于合成进化等用途。,
20237,素材·天下·特,材料,,通用,0,0,2,3,MaterialBase,用于合成进化等用途。,
20238,素材·天地·特,材料,,通用,0,0,4,3,MaterialBase,用于合成进化等用途。,
20239,奇妙精华·特,材料,,通用,0,0,4,3,MaterialBase,用于合成进化等用途。,
20240,奇妙宝石·特,材料,,通用,0,0,4,3,MaterialBase,用于合成进化等用途。,
20241,进化元宝·特,材料,,通用,0,0,3,3,MaterialBase,用于合成进化等用途。,
20242,红色彩石,材料,,通用,0,0,3,3,MaterialBase,用于制作3-10星绑定的手工装备。,
20243,白色彩石,材料,,通用,0,0,3,3,MaterialBase,用于制作3-10星绑定的手工装备。,
20244,绿色彩石,材料,,通用,0,0,3,3,MaterialBase,用于制作3-10星绑定的手工装备。,
20245,蓝色彩石,材料,,通用,0,0,4,3,MaterialBase,用于制作3-10星绑定的手工装备。,
20246,稀有红色彩石,材料,,通用,0,0,4,3,MaterialBase,用于制作6-10星手工装备，80-100次中随机选取一个数作为保底橙色以上(5%红色)，制作出橙色以上将会重置计数,
20247,稀有白色彩石,材料,,通用,0,0,4,3,MaterialBase,用于制作6-10星手工装备，80-100次中随机选取一个数作为保底橙色以上(5%红色)，制作出橙色以上将会重置计数,
20248,稀有绿色彩石,材料,,通用,0,0,4,3,MaterialBase,用于制作6-10星手工装备，80-100次中随机选取一个数作为保底橙色以上(5%红色)，制作出橙色以上将会重置计数,
20249,稀有黑色彩石,材料,,通用,0,0,4,3,MaterialBase,用于制作6-10星手工装备，80-100次中随机选取一个数作为保底橙色以上(5%红色)，制作出橙色以上将会重置计数,
20250,宇宙结晶·一阶,材料,,通用,0,0,4,3,MaterialBase,用于制作进化限量版装备。,
20251,宇宙结晶·二阶,材料,,通用,0,0,4,3,MaterialBase,用于制作进化限量版装备。,
20252,宇宙结晶·三阶,材料,,通用,0,0,4,3,MaterialBase,用于制作进化限量版装备。,
20253,宇宙结晶·四阶,材料,,通用,0,0,4,3,MaterialBase,用于制作进化限量版装备。,
20254,宇宙结晶·五阶,材料,,通用,0,0,4,3,MaterialBase,用于制作进化限量版装备。,
20255,宇宙结晶·六阶,材料,,通用,0,0,4,3,MaterialBase,用于制作进化限量版装备。,
20256,宇宙结晶·七阶,材料,,通用,0,0,4,3,MaterialBase,用于制作进化限量版装备。,
20257,宇宙结晶·八阶,材料,,通用,0,0,4,3,MaterialBase,用于制作进化限量版装备。,
20258,幻·红色彩石,材料,,通用,0,0,4,3,MaterialBase,可无限制次数制作最低6星蓝色的手工装备，80-100次必定出红色品质，用幻·彩石制作出红色以上将会重置计数,
20259,幻·白色彩石,材料,,通用,0,0,4,3,MaterialBase,可无限制次数制作最低6星蓝色的手工装备，80-100次必定出红色品质，用幻·彩石制作出红色以上将会重置计数,
20260,幻·绿色彩石,材料,,通用,0,0,4,3,MaterialBase,可无限制次数制作最低6星蓝色的手工装备，80-100次必定出红色品质，用幻·彩石制作出红色以上将会重置计数,
20261,幻·黑色彩石,材料,,通用,0,0,4,3,MaterialBase,可无限制次数制作最低6星蓝色的手工装备，80-100次必定出红色品质，用幻·彩石制作出红色以上将会重置计数,
20262,转生DNA（一转）,材料,,通用,0,0,4,3,MaterialBase,获得二转转生资格的凭证。,
20263,转生DNA（二转）,材料,,通用,0,0,4,3,MaterialBase,获得三转转生资格的凭证。,
20264,猩红宝石·一级,宝石,,通用,0,0,1,3,MaterialBase,用于装备炼化，可在背包进化为更高级的宝石,
20265,猩红宝石·二级,宝石,,通用,0,0,1,3,MaterialBase,用于装备炼化，可在背包进化为更高级的宝石,
20266,猩红宝石·三级,宝石,,通用,0,0,1,3,MaterialBase,用于装备炼化，可在背包进化为更高级的宝石,
20267,猩红宝石·四级,宝石,,通用,0,0,1,3,MaterialBase,用于装备炼化，可在背包进化为更高级的宝石,
20268,猩红宝石·五级,宝石,,通用,0,0,1,3,MaterialBase,用于装备炼化，可在背包进化为更高级的宝石,
20269,猩红宝石·六级,宝石,,通用,0,0,1,3,MaterialBase,用于装备炼化，可在背包进化为更高级的宝石,
20270,猩红宝石·七级,宝石,,通用,0,0,1,3,MaterialBase,用于装备炼化，可在背包进化为更高级的宝石,
20271,蔚蓝宝石·一级,宝石,,通用,0,0,1,3,MaterialBase,用于装备炼化，可在背包进化为更高级的宝石,
20272,蔚蓝宝石·二级,宝石,,通用,0,0,1,3,MaterialBase,用于装备炼化，可在背包进化为更高级的宝石,
20273,蔚蓝宝石·三级,宝石,,通用,0,0,1,3,MaterialBase,用于装备炼化，可在背包进化为更高级的宝石,
20274,蔚蓝宝石·四级,宝石,,通用,0,0,1,3,MaterialBase,用于装备炼化，可在背包进化为更高级的宝石,
20275,蔚蓝宝石·五级,宝石,,通用,0,0,1,3,MaterialBase,用于装备炼化，可在背包进化为更高级的宝石,
20276,蔚蓝宝石·六级,宝石,,通用,0,0,1,3,MaterialBase,用于装备炼化，可在背包进化为更高级的宝石,
20277,蔚蓝宝石·七级,宝石,,通用,0,0,1,3,MaterialBase,用于装备炼化，可在背包进化为更高级的宝石,
20278,稀有红色彩石·合,材料,,通用,0,0,4,3,MaterialBase,用于制作6-10星手工装备，制作出来的手工装备绑定，80-100次中随机选取一个数作为保底橙色以上(5%红色)，制作出橙色以上将会重置计数,
20279,稀有白色彩石·合,材料,,通用,0,0,4,3,MaterialBase,用于制作6-10星手工装备，制作出来的手工装备绑定，80-100次中随机选取一个数作为保底橙色以上(5%红色)，制作出橙色以上将会重置计数,
20280,稀有绿色彩石·合,材料,,通用,0,0,4,3,MaterialBase,用于制作6-10星手工装备，制作出来的手工装备绑定，80-100次中随机选取一个数作为保底橙色以上(5%红色)，制作出橙色以上将会重置计数,
20281,稀有黑色彩石·合,材料,,通用,0,0,4,3,MaterialBase,用于制作6-10星手工装备，制作出来的手工装备绑定，80-100次中随机选取一个数作为保底橙色以上(5%红色)，制作出橙色以上将会重置计数,
20282,时空旅行船票,材料,,通用,0,0,4,3,MaterialBase,用于参加时空旅行活动。,
20283,星魂碎片,材料,,通用,0,0,4,3,MaterialBase,用于兑换指定套装的天工星魂。,
20284,普通沙漏,材料,,通用,0,0,4,3,MaterialBase,用于合成与升级普通背景。,
20285,时光沙漏,材料,,通用,0,0,4,3,MaterialBase,用于合成与升级高级背景。,
20286,樱※设计书,材料,,通用,0,0,4,3,MaterialBase,用于设计背景装备。,
20287,星系※设计书,材料,,通用,0,0,4,3,MaterialBase,用于设计背景装备。,
20288,雨夜※设计书,材料,,通用,0,0,4,3,MaterialBase,用于设计背景装备。,
20289,橘色旋律※设计书,材料,,通用,0,0,4,3,MaterialBase,用于设计背景装备。,
20290,节奏跳动※设计书,材料,,通用,0,0,4,3,MaterialBase,用于设计背景装备。,
20291,河桥※设计书,材料,,通用,0,0,4,3,MaterialBase,用于设计背景装备。,
20292,枫叶飘舞※设计书,材料,,通用,0,0,4,3,MaterialBase,用于设计背景装备。,
20293,蝴蝶花※设计书,材料,,通用,0,0,4,3,MaterialBase,用于设计背景装备。,
20294,光斓※设计书,材料,,通用,0,0,4,3,MaterialBase,用于设计背景装备。,
20295,滴血玫瑰※设计书,材料,,通用,0,0,4,3,MaterialBase,用于设计背景装备。,
20296,北极光※设计书,材料,,通用,0,0,4,3,MaterialBase,用于设计背景装备。,
20297,午后时光※设计书,材料,,通用,0,0,4,3,MaterialBase,用于设计背景装备。,
20298,四色光※设计书,材料,,通用,0,0,4,3,MaterialBase,用于设计背景装备。,
20299,蒲公英※设计书,材料,,通用,0,0,4,3,MaterialBase,用于设计背景装备。,
20300,星夜传说※设计书,材料,,通用,0,0,4,3,MaterialBase,用于设计背景装备。,
20301,霓虹灯※设计书,材料,,通用,0,0,4,3,MaterialBase,用于设计背景装备。,
20302,星光闪闪※设计书,材料,,通用,0,0,4,3,MaterialBase,用于设计背景装备。,
20303,热舞气球※设计书,材料,,通用,0,0,4,3,MaterialBase,用于设计背景装备。,
20304,满天繁星※设计书,材料,,通用,0,0,4,3,MaterialBase,用于设计背景装备。,
20305,舍利,材料,,通用,0,0,4,3,MaterialBase,用于制造背景的材料，能赋予背景能量。,
20306,丹青,材料,,通用,0,0,4,3,MaterialBase,用于制造背景的材料，用于描绘背景。,
20307,远古战魂存息,材料,,通用,0,0,5,3,MaterialBase,远古遗迹，远古战神在世上仅存之物，价值连城。,
20308,1级武器淬炼剂·风,材料,,通用,0,0,1,3,MaterialBase,用于转生装备合成，可在装备合成大师处使用。,
20309,2级武器淬炼剂·风,材料,,通用,0,0,1,3,MaterialBase,用于转生装备合成，可在装备合成大师处使用。,
20310,3级武器淬炼剂·风,材料,,通用,0,0,2,3,MaterialBase,用于转生装备合成，可在装备合成大师处使用。,
20311,4级武器淬炼剂·风,材料,,通用,0,0,2,3,MaterialBase,用于转生装备合成，可在装备合成大师处使用。,
20312,5级武器淬炼剂·风,材料,,通用,0,0,3,3,MaterialBase,用于转生装备合成，可在装备合成大师处使用。,
20313,6级武器淬炼剂·风,材料,,通用,0,0,3,3,MaterialBase,用于转生装备合成，可在装备合成大师处使用。,
20314,7级武器淬炼剂·风,材料,,通用,0,0,4,3,MaterialBase,用于转生装备合成，可在装备合成大师处使用。,
20315,8级武器淬炼剂·风,材料,,通用,0,0,4,3,MaterialBase,用于转生装备合成，可在装备合成大师处使用。,
20316,1级武器淬炼剂·火,材料,,通用,0,0,1,3,MaterialBase,用于转生装备合成，可在装备合成大师处使用。,
20317,2级武器淬炼剂·火,材料,,通用,0,0,1,3,MaterialBase,用于转生装备合成，可在装备合成大师处使用。,
20318,3级武器淬炼剂·火,材料,,通用,0,0,2,3,MaterialBase,用于转生装备合成，可在装备合成大师处使用。,
20319,4级武器淬炼剂·火,材料,,通用,0,0,2,3,MaterialBase,用于转生装备合成，可在装备合成大师处使用。,
20320,5级武器淬炼剂·火,材料,,通用,0,0,3,3,MaterialBase,用于转生装备合成，可在装备合成大师处使用。,
20321,6级武器淬炼剂·火,材料,,通用,0,0,3,3,MaterialBase,用于转生装备合成，可在装备合成大师处使用。,
20322,7级武器淬炼剂·火,材料,,通用,0,0,4,3,MaterialBase,用于转生装备合成，可在装备合成大师处使用。,
20323,8级武器淬炼剂·火,材料,,通用,0,0,4,3,MaterialBase,用于转生装备合成，可在装备合成大师处使用。,
20324,1级武器淬炼剂·山,材料,,通用,0,0,1,3,MaterialBase,用于转生装备合成，可在装备合成大师处使用。,
20325,2级武器淬炼剂·山,材料,,通用,0,0,1,3,MaterialBase,用于转生装备合成，可在装备合成大师处使用。,
20326,3级武器淬炼剂·山,材料,,通用,0,0,2,3,MaterialBase,用于转生装备合成，可在装备合成大师处使用。,
20327,4级武器淬炼剂·山,材料,,通用,0,0,2,3,MaterialBase,用于转生装备合成，可在装备合成大师处使用。,
20328,5级武器淬炼剂·山,材料,,通用,0,0,3,3,MaterialBase,用于转生装备合成，可在装备合成大师处使用。,
20329,6级武器淬炼剂·山,材料,,通用,0,0,3,3,MaterialBase,用于转生装备合成，可在装备合成大师处使用。,
20330,7级武器淬炼剂·山,材料,,通用,0,0,4,3,MaterialBase,用于转生装备合成，可在装备合成大师处使用。,
20331,8级武器淬炼剂·山,材料,,通用,0,0,4,3,MaterialBase,用于转生装备合成，可在装备合成大师处使用。,
20332,1级武器淬炼剂·林,材料,,通用,0,0,1,3,MaterialBase,用于转生装备合成，可在装备合成大师处使用。,
20333,2级武器淬炼剂·林,材料,,通用,0,0,1,3,MaterialBase,用于转生装备合成，可在装备合成大师处使用。,
20334,3级武器淬炼剂·林,材料,,通用,0,0,2,3,MaterialBase,用于转生装备合成，可在装备合成大师处使用。,
20335,4级武器淬炼剂·林,材料,,通用,0,0,2,3,MaterialBase,用于转生装备合成，可在装备合成大师处使用。,
20336,5级武器淬炼剂·林,材料,,通用,0,0,3,3,MaterialBase,用于转生装备合成，可在装备合成大师处使用。,
20337,6级武器淬炼剂·林,材料,,通用,0,0,3,3,MaterialBase,用于转生装备合成，可在装备合成大师处使用。,
20338,7级武器淬炼剂·林,材料,,通用,0,0,4,3,MaterialBase,用于转生装备合成，可在装备合成大师处使用。,
20339,8级武器淬炼剂·林,材料,,通用,0,0,4,3,MaterialBase,用于转生装备合成，可在装备合成大师处使用。,
20340,1级衣服淬炼剂·风,材料,,通用,0,0,1,3,MaterialBase,用于转生装备合成，可在装备合成大师处使用。,
20341,2级衣服淬炼剂·风,材料,,通用,0,0,1,3,MaterialBase,用于转生装备合成，可在装备合成大师处使用。,
20342,3级衣服淬炼剂·风,材料,,通用,0,0,2,3,MaterialBase,用于转生装备合成，可在装备合成大师处使用。,
20343,4级衣服淬炼剂·风,材料,,通用,0,0,2,3,MaterialBase,用于转生装备合成，可在装备合成大师处使用。,
20344,5级衣服淬炼剂·风,材料,,通用,0,0,3,3,MaterialBase,用于转生装备合成，可在装备合成大师处使用。,
20345,6级衣服淬炼剂·风,材料,,通用,0,0,3,3,MaterialBase,用于转生装备合成，可在装备合成大师处使用。,
20346,7级衣服淬炼剂·风,材料,,通用,0,0,4,3,MaterialBase,用于转生装备合成，可在装备合成大师处使用。,
20347,1级衣服淬炼剂·火,材料,,通用,0,0,1,3,MaterialBase,用于转生装备合成，可在装备合成大师处使用。,
20348,2级衣服淬炼剂·火,材料,,通用,0,0,1,3,MaterialBase,用于转生装备合成，可在装备合成大师处使用。,
20349,3级衣服淬炼剂·火,材料,,通用,0,0,2,3,MaterialBase,用于转生装备合成，可在装备合成大师处使用。,
20350,4级衣服淬炼剂·火,材料,,通用,0,0,2,3,MaterialBase,用于转生装备合成，可在装备合成大师处使用。,
20351,5级衣服淬炼剂·火,材料,,通用,0,0,3,3,MaterialBase,用于转生装备合成，可在装备合成大师处使用。,
20352,6级衣服淬炼剂·火,材料,,通用,0,0,3,3,MaterialBase,用于转生装备合成，可在装备合成大师处使用。,
20353,7级衣服淬炼剂·火,材料,,通用,0,0,4,3,MaterialBase,用于转生装备合成，可在装备合成大师处使用。,
20354,1级衣服淬炼剂·山,材料,,通用,0,0,1,3,MaterialBase,用于转生装备合成，可在装备合成大师处使用。,
20355,2级衣服淬炼剂·山,材料,,通用,0,0,1,3,MaterialBase,用于转生装备合成，可在装备合成大师处使用。,
20356,3级衣服淬炼剂·山,材料,,通用,0,0,2,3,MaterialBase,用于转生装备合成，可在装备合成大师处使用。,
20357,4级衣服淬炼剂·山,材料,,通用,0,0,2,3,MaterialBase,用于转生装备合成，可在装备合成大师处使用。,
20358,5级衣服淬炼剂·山,材料,,通用,0,0,3,3,MaterialBase,用于转生装备合成，可在装备合成大师处使用。,
20359,6级衣服淬炼剂·山,材料,,通用,0,0,3,3,MaterialBase,用于转生装备合成，可在装备合成大师处使用。,
20360,7级衣服淬炼剂·山,材料,,通用,0,0,4,3,MaterialBase,用于转生装备合成，可在装备合成大师处使用。,
20361,1级衣服淬炼剂·林,材料,,通用,0,0,1,3,MaterialBase,用于转生装备合成，可在装备合成大师处使用。,
20362,2级衣服淬炼剂·林,材料,,通用,0,0,1,3,MaterialBase,用于转生装备合成，可在装备合成大师处使用。,
20363,3级衣服淬炼剂·林,材料,,通用,0,0,2,3,MaterialBase,用于转生装备合成，可在装备合成大师处使用。,
20364,4级衣服淬炼剂·林,材料,,通用,0,0,2,3,MaterialBase,用于转生装备合成，可在装备合成大师处使用。,
20365,5级衣服淬炼剂·林,材料,,通用,0,0,3,3,MaterialBase,用于转生装备合成，可在装备合成大师处使用。,
20366,6级衣服淬炼剂·林,材料,,通用,0,0,3,3,MaterialBase,用于转生装备合成，可在装备合成大师处使用。,
20367,7级衣服淬炼剂·林,材料,,通用,0,0,4,3,MaterialBase,用于转生装备合成，可在装备合成大师处使用。,
20368,1级裤子淬炼剂·风,材料,,通用,0,0,1,3,MaterialBase,用于转生装备合成，可在装备合成大师处使用。,
20369,2级裤子淬炼剂·风,材料,,通用,0,0,1,3,MaterialBase,用于转生装备合成，可在装备合成大师处使用。,
20370,3级裤子淬炼剂·风,材料,,通用,0,0,2,3,MaterialBase,用于转生装备合成，可在装备合成大师处使用。,
20371,4级裤子淬炼剂·风,材料,,通用,0,0,2,3,MaterialBase,用于转生装备合成，可在装备合成大师处使用。,
20372,5级裤子淬炼剂·风,材料,,通用,0,0,3,3,MaterialBase,用于转生装备合成，可在装备合成大师处使用。,
20373,6级裤子淬炼剂·风,材料,,通用,0,0,3,3,MaterialBase,用于转生装备合成，可在装备合成大师处使用。,
20374,7级裤子淬炼剂·风,材料,,通用,0,0,4,3,MaterialBase,用于转生装备合成，可在装备合成大师处使用。,
20375,1级裤子淬炼剂·火,材料,,通用,0,0,1,3,MaterialBase,用于转生装备合成，可在装备合成大师处使用。,
20376,2级裤子淬炼剂·火,材料,,通用,0,0,1,3,MaterialBase,用于转生装备合成，可在装备合成大师处使用。,
20377,3级裤子淬炼剂·火,材料,,通用,0,0,2,3,MaterialBase,用于转生装备合成，可在装备合成大师处使用。,
20378,4级裤子淬炼剂·火,材料,,通用,0,0,2,3,MaterialBase,用于转生装备合成，可在装备合成大师处使用。,
20379,5级裤子淬炼剂·火,材料,,通用,0,0,3,3,MaterialBase,用于转生装备合成，可在装备合成大师处使用。,
20380,6级裤子淬炼剂·火,材料,,通用,0,0,3,3,MaterialBase,用于转生装备合成，可在装备合成大师处使用。,
20381,7级裤子淬炼剂·火,材料,,通用,0,0,4,3,MaterialBase,用于转生装备合成，可在装备合成大师处使用。,
20382,1级裤子淬炼剂·山,材料,,通用,0,0,1,3,MaterialBase,用于转生装备合成，可在装备合成大师处使用。,
20383,2级裤子淬炼剂·山,材料,,通用,0,0,1,3,MaterialBase,用于转生装备合成，可在装备合成大师处使用。,
20384,3级裤子淬炼剂·山,材料,,通用,0,0,2,3,MaterialBase,用于转生装备合成，可在装备合成大师处使用。,
20385,4级裤子淬炼剂·山,材料,,通用,0,0,2,3,MaterialBase,用于转生装备合成，可在装备合成大师处使用。,
20386,5级裤子淬炼剂·山,材料,,通用,0,0,3,3,MaterialBase,用于转生装备合成，可在装备合成大师处使用。,
20387,6级裤子淬炼剂·山,材料,,通用,0,0,3,3,MaterialBase,用于转生装备合成，可在装备合成大师处使用。,
20388,7级裤子淬炼剂·山,材料,,通用,0,0,4,3,MaterialBase,用于转生装备合成，可在装备合成大师处使用。,
20389,1级裤子淬炼剂·林,材料,,通用,0,0,1,3,MaterialBase,用于转生装备合成，可在装备合成大师处使用。,
20390,2级裤子淬炼剂·林,材料,,通用,0,0,1,3,MaterialBase,用于转生装备合成，可在装备合成大师处使用。,
20391,3级裤子淬炼剂·林,材料,,通用,0,0,2,3,MaterialBase,用于转生装备合成，可在装备合成大师处使用。,
20392,4级裤子淬炼剂·林,材料,,通用,0,0,2,3,MaterialBase,用于转生装备合成，可在装备合成大师处使用。,
20393,5级裤子淬炼剂·林,材料,,通用,0,0,3,3,MaterialBase,用于转生装备合成，可在装备合成大师处使用。,
20394,6级裤子淬炼剂·林,材料,,通用,0,0,3,3,MaterialBase,用于转生装备合成，可在装备合成大师处使用。,
20395,7级裤子淬炼剂·林,材料,,通用,0,0,4,3,MaterialBase,用于转生装备合成，可在装备合成大师处使用。,
20396,1级手套淬炼剂·风,材料,,通用,0,0,1,3,MaterialBase,用于转生装备合成，可在装备合成大师处使用。,
20397,2级手套淬炼剂·风,材料,,通用,0,0,1,3,MaterialBase,用于转生装备合成，可在装备合成大师处使用。,
20398,3级手套淬炼剂·风,材料,,通用,0,0,2,3,MaterialBase,用于转生装备合成，可在装备合成大师处使用。,
20399,4级手套淬炼剂·风,材料,,通用,0,0,2,3,MaterialBase,用于转生装备合成，可在装备合成大师处使用。,
20400,5级手套淬炼剂·风,材料,,通用,0,0,3,3,MaterialBase,用于转生装备合成，可在装备合成大师处使用。,
20401,1级手套淬炼剂·火,材料,,通用,0,0,1,3,MaterialBase,用于转生装备合成，可在装备合成大师处使用。,
20402,2级手套淬炼剂·火,材料,,通用,0,0,1,3,MaterialBase,用于转生装备合成，可在装备合成大师处使用。,
20403,3级手套淬炼剂·火,材料,,通用,0,0,2,3,MaterialBase,用于转生装备合成，可在装备合成大师处使用。,
20404,4级手套淬炼剂·火,材料,,通用,0,0,2,3,MaterialBase,用于转生装备合成，可在装备合成大师处使用。,
20405,5级手套淬炼剂·火,材料,,通用,0,0,3,3,MaterialBase,用于转生装备合成，可在装备合成大师处使用。,
20406,1级手套淬炼剂·山,材料,,通用,0,0,1,3,MaterialBase,用于转生装备合成，可在装备合成大师处使用。,
20407,2级手套淬炼剂·山,材料,,通用,0,0,1,3,MaterialBase,用于转生装备合成，可在装备合成大师处使用。,
20408,3级手套淬炼剂·山,材料,,通用,0,0,2,3,MaterialBase,用于转生装备合成，可在装备合成大师处使用。,
20409,4级手套淬炼剂·山,材料,,通用,0,0,2,3,MaterialBase,用于转生装备合成，可在装备合成大师处使用。,
20410,5级手套淬炼剂·山,材料,,通用,0,0,3,3,MaterialBase,用于转生装备合成，可在装备合成大师处使用。,
20411,1级手套淬炼剂·林,材料,,通用,0,0,1,3,MaterialBase,用于转生装备合成，可在装备合成大师处使用。,
20412,2级手套淬炼剂·林,材料,,通用,0,0,1,3,MaterialBase,用于转生装备合成，可在装备合成大师处使用。,
20413,3级手套淬炼剂·林,材料,,通用,0,0,2,3,MaterialBase,用于转生装备合成，可在装备合成大师处使用。,
20414,4级手套淬炼剂·林,材料,,通用,0,0,2,3,MaterialBase,用于转生装备合成，可在装备合成大师处使用。,
20415,5级手套淬炼剂·林,材料,,通用,0,0,3,3,MaterialBase,用于转生装备合成，可在装备合成大师处使用。,
20416,1级鞋子萃取剂·风,材料,,通用,0,0,1,3,MaterialBase,用于转生装备合成，可在装备合成大师处使用。,
20417,2级鞋子萃取剂·风,材料,,通用,0,0,1,3,MaterialBase,用于转生装备合成，可在装备合成大师处使用。,
20418,3级鞋子萃取剂·风,材料,,通用,0,0,2,3,MaterialBase,用于转生装备合成，可在装备合成大师处使用。,
20419,4级鞋子萃取剂·风,材料,,通用,0,0,2,3,MaterialBase,用于转生装备合成，可在装备合成大师处使用。,
20420,5级鞋子萃取剂·风,材料,,通用,0,0,3,3,MaterialBase,用于转生装备合成，可在装备合成大师处使用。,
20421,6级鞋子萃取剂·风,材料,,通用,0,0,3,3,MaterialBase,用于转生装备合成，可在装备合成大师处使用。,
20422,1级鞋子萃取剂·火,材料,,通用,0,0,1,3,MaterialBase,用于转生装备合成，可在装备合成大师处使用。,
20423,2级鞋子萃取剂·火,材料,,通用,0,0,1,3,MaterialBase,用于转生装备合成，可在装备合成大师处使用。,
20424,3级鞋子萃取剂·火,材料,,通用,0,0,2,3,MaterialBase,用于转生装备合成，可在装备合成大师处使用。,
20425,4级鞋子萃取剂·火,材料,,通用,0,0,2,3,MaterialBase,用于转生装备合成，可在装备合成大师处使用。,
20426,5级鞋子萃取剂·火,材料,,通用,0,0,3,3,MaterialBase,用于转生装备合成，可在装备合成大师处使用。,
20427,6级鞋子萃取剂·火,材料,,通用,0,0,3,3,MaterialBase,用于转生装备合成，可在装备合成大师处使用。,
20428,1级鞋子萃取剂·山,材料,,通用,0,0,1,3,MaterialBase,用于转生装备合成，可在装备合成大师处使用。,
20429,2级鞋子萃取剂·山,材料,,通用,0,0,1,3,MaterialBase,用于转生装备合成，可在装备合成大师处使用。,
20430,3级鞋子萃取剂·山,材料,,通用,0,0,2,3,MaterialBase,用于转生装备合成，可在装备合成大师处使用。,
20431,4级鞋子萃取剂·山,材料,,通用,0,0,2,3,MaterialBase,用于转生装备合成，可在装备合成大师处使用。,
20432,5级鞋子萃取剂·山,材料,,通用,0,0,3,3,MaterialBase,用于转生装备合成，可在装备合成大师处使用。,
20433,6级鞋子萃取剂·山,材料,,通用,0,0,3,3,MaterialBase,用于转生装备合成，可在装备合成大师处使用。,
20434,1级鞋子萃取剂·林,材料,,通用,0,0,1,3,MaterialBase,用于转生装备合成，可在装备合成大师处使用。,
20435,2级鞋子萃取剂·林,材料,,通用,0,0,1,3,MaterialBase,用于转生装备合成，可在装备合成大师处使用。,
20436,3级鞋子萃取剂·林,材料,,通用,0,0,2,3,MaterialBase,用于转生装备合成，可在装备合成大师处使用。,
20437,4级鞋子萃取剂·林,材料,,通用,0,0,2,3,MaterialBase,用于转生装备合成，可在装备合成大师处使用。,
20438,5级鞋子萃取剂·林,材料,,通用,0,0,3,3,MaterialBase,用于转生装备合成，可在装备合成大师处使用。,
20439,6级鞋子萃取剂·林,材料,,通用,0,0,3,3,MaterialBase,用于转生装备合成，可在装备合成大师处使用。,
20440,铸造硬币,材料,,通用,0,0,1,3,MaterialBase,装备合成大师最喜欢的一种硬币，交给他可以换取你需要的东西,
20441,高级铸造硬币,材料,,通用,0,0,4,3,MaterialBase,装备合成大师最喜欢的一种硬币，交给他可以换取你需要的东西,
20442,创造女神的认可,材料,,通用,0,0,5,3,MaterialBase,传说创世女神创造了整个世界，她有一种能够创造万物的能力，据说获得足够的女神认可可以制造强力的装备。,
20443,时空石,材料,,通用,0,0,3,3,MaterialBase,存在空间能量波动，是一种稀有的制造材料。,
20444,素材·创生,材料,,通用,0,0,5,3,MaterialBase,用于转生装备合成，可在装备合成大师处使用。,
20445,武器膜具·一阶段,材料,,通用,0,0,3,3,MaterialBase,用于转生装备合成，可在装备合成大师处使用。,
20446,武器膜具·二阶段,材料,,通用,0,0,3,3,MaterialBase,用于转生装备合成，可在装备合成大师处使用。,
20447,武器膜具·三阶段,材料,,通用,0,0,3,3,MaterialBase,用于转生装备合成，可在装备合成大师处使用。,
20448,武器膜具·四阶段,材料,,通用,0,0,3,3,MaterialBase,用于转生装备合成，可在装备合成大师处使用。,
20449,武器膜具·五阶段,材料,,通用,0,0,3,3,MaterialBase,用于转生装备合成，可在装备合成大师处使用。,
20450,武器膜具·六阶段,材料,,通用,0,0,3,3,MaterialBase,用于转生装备合成，可在装备合成大师处使用。,
20451,武器膜具·七阶段,材料,,通用,0,0,3,3,MaterialBase,用于转生装备合成，可在装备合成大师处使用。,
20452,武器膜具·八阶段,材料,,通用,0,0,3,3,MaterialBase,用于转生装备合成，可在装备合成大师处使用。,
20453,武器膜具·九阶段,材料,,通用,0,0,3,3,MaterialBase,用于转生装备合成，可在装备合成大师处使用。,
20454,衣服膜具·一阶段,材料,,通用,0,0,3,3,MaterialBase,用于转生装备合成，可在装备合成大师处使用。,
20455,衣服膜具·二阶段,材料,,通用,0,0,3,3,MaterialBase,用于转生装备合成，可在装备合成大师处使用。,
20456,衣服膜具·三阶段,材料,,通用,0,0,3,3,MaterialBase,用于转生装备合成，可在装备合成大师处使用。,
20457,衣服膜具·四阶段,材料,,通用,0,0,3,3,MaterialBase,用于转生装备合成，可在装备合成大师处使用。,
20458,衣服膜具·五阶段,材料,,通用,0,0,3,3,MaterialBase,用于转生装备合成，可在装备合成大师处使用。,
20459,衣服膜具·六阶段,材料,,通用,0,0,3,3,MaterialBase,用于转生装备合成，可在装备合成大师处使用。,
20460,衣服膜具·七阶段,材料,,通用,0,0,3,3,MaterialBase,用于转生装备合成，可在装备合成大师处使用。,
20461,衣服膜具·八阶段,材料,,通用,0,0,3,3,MaterialBase,用于转生装备合成，可在装备合成大师处使用。,
20462,裤子膜具·一阶段,材料,,通用,0,0,3,3,MaterialBase,用于转生装备合成，可在装备合成大师处使用。,
20463,裤子膜具·二阶段,材料,,通用,0,0,3,3,MaterialBase,用于转生装备合成，可在装备合成大师处使用。,
20464,裤子膜具·三阶段,材料,,通用,0,0,3,3,MaterialBase,用于转生装备合成，可在装备合成大师处使用。,
20465,裤子膜具·四阶段,材料,,通用,0,0,3,3,MaterialBase,用于转生装备合成，可在装备合成大师处使用。,
20466,裤子膜具·五阶段,材料,,通用,0,0,3,3,MaterialBase,用于转生装备合成，可在装备合成大师处使用。,
20467,裤子膜具·六阶段,材料,,通用,0,0,3,3,MaterialBase,用于转生装备合成，可在装备合成大师处使用。,
20468,裤子膜具·七阶段,材料,,通用,0,0,3,3,MaterialBase,用于转生装备合成，可在装备合成大师处使用。,
20469,裤子膜具·八阶段,材料,,通用,0,0,3,3,MaterialBase,用于转生装备合成，可在装备合成大师处使用。,
20470,手套膜具·一阶段,材料,,通用,0,0,3,3,MaterialBase,用于转生装备合成，可在装备合成大师处使用。,
20471,手套膜具·二阶段,材料,,通用,0,0,3,3,MaterialBase,用于转生装备合成，可在装备合成大师处使用。,
20472,手套膜具·三阶段,材料,,通用,0,0,3,3,MaterialBase,用于转生装备合成，可在装备合成大师处使用。,
20473,手套膜具·四阶段,材料,,通用,0,0,3,3,MaterialBase,用于转生装备合成，可在装备合成大师处使用。,
20474,手套膜具·五阶段,材料,,通用,0,0,3,3,MaterialBase,用于转生装备合成，可在装备合成大师处使用。,
20475,手套膜具·六阶段,材料,,通用,0,0,3,3,MaterialBase,用于转生装备合成，可在装备合成大师处使用。,
20476,手套膜具·七阶段,材料,,通用,0,0,3,3,MaterialBase,用于转生装备合成，可在装备合成大师处使用。,
20477,手套膜具·八阶段,材料,,通用,0,0,3,3,MaterialBase,用于转生装备合成，可在装备合成大师处使用。,
20478,鞋子膜具·一阶段,材料,,通用,0,0,3,3,MaterialBase,用于转生装备合成，可在装备合成大师处使用。,
20479,鞋子膜具·二阶段,材料,,通用,0,0,3,3,MaterialBase,用于转生装备合成，可在装备合成大师处使用。,
20480,鞋子膜具·三阶段,材料,,通用,0,0,3,3,MaterialBase,用于转生装备合成，可在装备合成大师处使用。,
20481,鞋子膜具·四阶段,材料,,通用,0,0,3,3,MaterialBase,用于转生装备合成，可在装备合成大师处使用。,
20482,鞋子膜具·五阶段,材料,,通用,0,0,3,3,MaterialBase,用于转生装备合成，可在装备合成大师处使用。,
20483,鞋子膜具·六阶段,材料,,通用,0,0,3,3,MaterialBase,用于转生装备合成，可在装备合成大师处使用。,
20484,鞋子膜具·七阶段,材料,,通用,0,0,3,3,MaterialBase,用于转生装备合成，可在装备合成大师处使用。,
20485,鞋子膜具·八阶段,材料,,通用,0,0,3,3,MaterialBase,用于转生装备合成，可在装备合成大师处使用。,
20486,能量核心,材料,,通用,0,0,3,3,MaterialBase,用于转生装备合成，可在装备合成大师处使用。,
20487,守御之魂,材料,,通用,0,0,3,3,MaterialBase,用于转生装备合成，可在装备合成大师处使用。,
20488,坚固之石,材料,,通用,0,0,3,3,MaterialBase,用于转生装备合成，可在装备合成大师处使用。,
20489,迅捷之玉,材料,,通用,0,0,3,3,MaterialBase,用于转生装备合成，可在装备合成大师处使用。,
20490,心灵之晶,材料,,通用,0,0,3,3,MaterialBase,用于转生装备合成，可在装备合成大师处使用。,
20491,9级武器淬炼剂·风,材料,,通用,0,0,3,3,MaterialBase,用于转生装备合成，可在装备合成大师处使用。,
20492,9级武器淬炼剂·火,材料,,通用,0,0,3,3,MaterialBase,用于转生装备合成，可在装备合成大师处使用。,
20493,9级武器淬炼剂·山,材料,,通用,0,0,3,3,MaterialBase,用于转生装备合成，可在装备合成大师处使用。,
20494,9级武器淬炼剂·林,材料,,通用,0,0,3,3,MaterialBase,用于转生装备合成，可在装备合成大师处使用。,
20495,8级衣服淬炼剂·风,材料,,通用,0,0,3,3,MaterialBase,用于转生装备合成，可在装备合成大师处使用。,
20496,8级衣服淬炼剂·火,材料,,通用,0,0,3,3,MaterialBase,用于转生装备合成，可在装备合成大师处使用。,
20497,8级衣服淬炼剂·山,材料,,通用,0,0,3,3,MaterialBase,用于转生装备合成，可在装备合成大师处使用。,
20498,8级衣服淬炼剂·林,材料,,通用,0,0,3,3,MaterialBase,用于转生装备合成，可在装备合成大师处使用。,
20499,8级裤子淬炼剂·风,材料,,通用,0,0,3,3,MaterialBase,用于转生装备合成，可在装备合成大师处使用。,
20500,8级裤子淬炼剂·火,材料,,通用,0,0,3,3,MaterialBase,用于转生装备合成，可在装备合成大师处使用。,
20501,8级裤子淬炼剂·山,材料,,通用,0,0,3,3,MaterialBase,用于转生装备合成，可在装备合成大师处使用。,
20502,8级裤子淬炼剂·林,材料,,通用,0,0,3,3,MaterialBase,用于转生装备合成，可在装备合成大师处使用。,
20503,6级手套淬炼剂·风,材料,,通用,0,0,3,3,MaterialBase,用于转生装备合成，可在装备合成大师处使用。,
20504,7级手套淬炼剂·风,材料,,通用,0,0,3,3,MaterialBase,用于转生装备合成，可在装备合成大师处使用。,
20505,8级手套淬炼剂·风,材料,,通用,0,0,3,3,MaterialBase,用于转生装备合成，可在装备合成大师处使用。,
20506,6级手套淬炼剂·火,材料,,通用,0,0,3,3,MaterialBase,用于转生装备合成，可在装备合成大师处使用。,
20507,7级手套淬炼剂·火,材料,,通用,0,0,3,3,MaterialBase,用于转生装备合成，可在装备合成大师处使用。,
20508,8级手套淬炼剂·火,材料,,通用,0,0,3,3,MaterialBase,用于转生装备合成，可在装备合成大师处使用。,
20509,6级手套淬炼剂·山,材料,,通用,0,0,3,3,MaterialBase,用于转生装备合成，可在装备合成大师处使用。,
20510,7级手套淬炼剂·山,材料,,通用,0,0,3,3,MaterialBase,用于转生装备合成，可在装备合成大师处使用。,
20511,8级手套淬炼剂·山,材料,,通用,0,0,3,3,MaterialBase,用于转生装备合成，可在装备合成大师处使用。,
20512,6级手套淬炼剂·林,材料,,通用,0,0,3,3,MaterialBase,用于转生装备合成，可在装备合成大师处使用。,
20513,7级手套淬炼剂·林,材料,,通用,0,0,3,3,MaterialBase,用于转生装备合成，可在装备合成大师处使用。,
20514,8级手套淬炼剂·林,材料,,通用,0,0,3,3,MaterialBase,用于转生装备合成，可在装备合成大师处使用。,
20515,7级鞋子萃取剂·风,材料,,通用,0,0,3,3,MaterialBase,用于转生装备合成，可在装备合成大师处使用。,
20516,8级鞋子萃取剂·风,材料,,通用,0,0,3,3,MaterialBase,用于转生装备合成，可在装备合成大师处使用。,
20517,7级鞋子萃取剂·火,材料,,通用,0,0,3,3,MaterialBase,用于转生装备合成，可在装备合成大师处使用。,
20518,8级鞋子萃取剂·火,材料,,通用,0,0,3,3,MaterialBase,用于转生装备合成，可在装备合成大师处使用。,
20519,7级鞋子萃取剂·山,材料,,通用,0,0,3,3,MaterialBase,用于转生装备合成，可在装备合成大师处使用。,
20520,8级鞋子萃取剂·山,材料,,通用,0,0,3,3,MaterialBase,用于转生装备合成，可在装备合成大师处使用。,
20521,7级鞋子萃取剂·林,材料,,通用,0,0,3,3,MaterialBase,用于转生装备合成，可在装备合成大师处使用。,
20522,8级鞋子萃取剂·林,材料,,通用,0,0,3,3,MaterialBase,用于转生装备合成，可在装备合成大师处使用。,
20523,素材·无双（碎片）,材料,,通用,0,0,3,3,MaterialBase,素材·无双的碎片，虽然已经失去了素材·无双的能量，但仍然可以作为素材·创世的材料。（可在背包进化）,
20524,创世女神的信物,材料,,通用,0,0,3,3,MaterialBase,任务道具，可以帮助完成创世女神的考验任务。,
20525,代金券碎片,材料,,通用,0,0,5,3,MaterialBase,可以跟稀有物品合成成为代金券，可在背包进化。,
20526,高级代金券碎片,材料,,通用,0,0,6,3,MaterialBase,可以跟稀有物品合成成为代金券，可在背包进化。,
110201,经验,货币 / 经验,,通用,0,1,0,2,GoodsBase,,邮件领取时增加对应余额或经验；直接发放会进入背包，调整余额请使用“调整货币 / 等级”
110202,元宝,货币 / 经验,,通用,0,1,0,2,GoodsBase,,邮件领取时增加对应余额或经验；直接发放会进入背包，调整余额请使用“调整货币 / 等级”
110203,铜币,货币 / 经验,,通用,0,1,0,2,GoodsBase,绑定货币,邮件领取时增加对应余额或经验；直接发放会进入背包，调整余额请使用“调整货币 / 等级”
110204,代金券,货币 / 经验,,通用,0,1,0,2,GoodsBase,绑定货币,邮件领取时增加对应余额或经验；直接发放会进入背包，调整余额请使用“调整货币 / 等级”
110205,星币,货币 / 经验,,通用,0,1,0,2,GoodsBase,与铜币同价值 ，10000星币兑换1金币,星币通过隐藏货币堆叠保存，不占普通背包格
110206,家族贡献,道具,,通用,0,1,0,2,GoodsBase,,
110301,领主宝箱·初心,道具,,通用,0,1,1,2,GoodsBase,击败领主奖励,
110302,领主宝箱·熟练,道具,,通用,0,1,2,2,GoodsBase,击败领主奖励,
110303,领主宝箱·会心,道具,,通用,0,1,3,2,GoodsBase,击败领主奖励,
110304,领主宝箱·达人,道具,,通用,0,1,4,2,GoodsBase,击败领主奖励,
110305,超小型生命药水,道具,,通用,0,1,1,2,GoodsBase,使用后恢复500HP,
110306,小型生命药水,道具,,通用,0,1,1,2,GoodsBase,使用后恢复1000HP,
110307,中型生命药水,道具,,通用,0,1,1,2,GoodsBase,使用后恢复5000HP,
110308,低级生命药水,道具,,通用,0,1,1,2,GoodsBase,使用后恢复10000HP,
110309,中级生命药水,道具,,通用,0,1,2,2,GoodsBase,使用后恢复20000HP,
110310,高级生命药水,道具,,通用,0,1,2,2,GoodsBase,使用后恢复50000HP,
110311,低级生命恢复药剂,道具,,通用,0,1,2,2,GoodsBase,使用后恢复75000HP,
110312,中级生命恢复药剂,道具,,通用,0,1,3,2,GoodsBase,使用后恢复100000HP,
110313,高级生命恢复药剂,道具,,通用,0,1,3,2,GoodsBase,使用后恢复125000HP,
110314,古老的生命药剂,道具,,通用,0,1,3,2,GoodsBase,使用后恢复200000HP,
110315,橙汁,道具,,通用,0,1,4,2,GoodsBase,使用后恢复500000HP,
110316,超小型精力药水,道具,,通用,0,1,1,2,GoodsBase,使用后恢复500MP,
110317,小型精力药水,道具,,通用,0,1,1,2,GoodsBase,使用后恢复1000MP,
110318,中型精力药水,道具,,通用,0,1,1,2,GoodsBase,使用后恢复5000MP,
110319,低级精力药水,道具,,通用,0,1,1,2,GoodsBase,使用后恢复10000MP,
110320,中级精力药水,道具,,通用,0,1,2,2,GoodsBase,使用后恢复20000MP,
110321,高级精力药水,道具,,通用,0,1,2,2,GoodsBase,使用后恢复50000MP,
110322,低级精力恢复药剂,道具,,通用,0,1,2,2,GoodsBase,使用后恢复75000MP,
110323,中级精力恢复药剂,道具,,通用,0,1,3,2,GoodsBase,使用后恢复100000MP,
110324,高级精力恢复药剂,道具,,通用,0,1,3,2,GoodsBase,使用后恢复125000MP,
110325,古老的精力药剂,道具,,通用,0,1,3,2,GoodsBase,使用后恢复200000MP,
110326,蓝色忧郁,道具,,通用,0,1,4,2,GoodsBase,使用后恢复500000MP,
110327,100万生命魔法球,道具,,通用,0,1,3,2,GoodsBase,战斗结束后自动回满生命，不可叠加，存储1000000hp,
110328,500万生命魔法球,道具,,通用,0,1000,3,2,GoodsBase,战斗结束后自动回满生命，不可叠加，存储5000000hp,
110329,100万精力魔法球,道具,,通用,0,1,3,2,GoodsBase,战斗结束后自动回满精力，不可叠加，存储1000000mp,
110330,5000万精力魔法球,道具,,通用,0,1000,3,2,GoodsBase,战斗结束后自动回满精力，不可叠加，存储50000000mp,
110331,桂圆,道具,,通用,0,200,4,2,GoodsBase,使用后恢复520000HP,
110332,红枣,道具,,通用,0,200,4,2,GoodsBase,使用后恢复520000HP,
110333,花生,道具,,通用,0,200,4,2,GoodsBase,使用后恢复520000HP,
110334,喜糖,道具,,通用,0,200,4,2,GoodsBase,使用后恢复520000HP,
110335,荔枝,道具,,通用,0,200,4,2,GoodsBase,使用后恢复520000HP,
110336,精制桂圆（奢侈品）,道具,,通用,0,200,4,2,GoodsBase,使用后恢复1314000HP与5200000MP,
110337,精制红枣（奢侈品）,道具,,通用,0,200,4,2,GoodsBase,使用后恢复1314000HP与5200000MP,
110338,精制花生（奢侈品）,道具,,通用,0,200,4,2,GoodsBase,使用后恢复1314000HP与5200000MP,
110339,精制喜糖（奢侈品）,道具,,通用,0,200,4,2,GoodsBase,使用后恢复1314000HP与5200000MP,
110340,精制荔枝（奢侈品）,道具,,通用,0,200,4,2,GoodsBase,使用后恢复1314000HP与5200000MP,
110341,太阳水,道具,,通用,0,2000,4,2,GoodsBase,恢复50%生命和精力,
110342,紫药,道具,,通用,0,2000,4,2,GoodsBase,恢复100%生命和精力,
110343,金条,道具,,通用,0,100,4,2,GoodsBase,使用后获得10银币，也可用于完成任务,
110344,回城卷轴,道具,,通用,0,100,4,2,GoodsBase,使用后返回城镇1,
110345,经验卡礼包·小,道具,,通用,0,1,1,2,GoodsBase,使用后获得1.5倍经验卡x3,
110346,经验卡礼包·中,道具,,通用,0,1,2,2,GoodsBase,使用后获得2倍经验卡x5,
110347,经验卡礼包·大,道具,,通用,0,1,3,2,GoodsBase,使用后获得2倍经验卡x2和3倍经验卡x3,
110348,经验卡礼包·超,道具,,通用,0,1,4,2,GoodsBase,使用后获得3倍经验卡x2和4倍经验卡x3,
110349,1.5倍经验卡,道具,,通用,0,1,1,2,GoodsBase,使用后使战斗经验变为1.5倍，持续1小时，经验加成类道具不可叠加，请勿浪费！,
110350,2倍经验卡,道具,,通用,0,1,2,2,GoodsBase,使用后使战斗经验变为2倍，持续1小时，经验加成类道具不可叠加，请勿浪费！,
110351,3倍经验卡,道具,,通用,0,1,3,2,GoodsBase,使用后使战斗经验变为3倍，持续1小时，经验加成类道具不可叠加，请勿浪费！,
110352,4倍经验卡,道具,,通用,0,1,4,2,GoodsBase,使用后使战斗经验变为4倍，持续1小时，经验加成类道具不可叠加，请勿浪费！,
110353,1百万经验药水,道具,,通用,0,100,4,2,GoodsBase,使用后增加获得1000000经验,
110354,3百万经验药水,道具,,通用,0,100,4,2,GoodsBase,使用后增加获得3000000经验,
110355,5百万经验药水,道具,,通用,0,100,4,2,GoodsBase,使用后增加获得5000000经验,
110356,1亿经验药水,道具,,通用,0,100,4,2,GoodsBase,使用后增加获得100000000经验,
110357,50亿经验药水,道具,,通用,0,100,4,2,GoodsBase,使用后增加获得5000000000经验,
110358,100亿经验药水,道具,,通用,0,100,4,2,GoodsBase,使用后增加获得10000000000经验,
110359,小喇叭,道具,,通用,0,1,2,2,GoodsBase,在最显眼的地方向大家展示你的消息，持续15秒,
110360,大喇叭,道具,,通用,0,1,3,2,GoodsBase,在最显眼的地方向大家展示你的消息，持续30秒,
110361,超级喇叭,道具,,通用,0,1,4,2,GoodsBase,在最显眼的地方向大家展示你的消息，持续1分钟,
110362,500代金券礼券,道具,,通用,0,1,4,2,GoodsBase,使用后获得500代金券,
110363,1000代金券礼券,道具,,通用,0,1,4,2,GoodsBase,使用后获得1000代金券,
110364,1500代金券礼券,道具,,通用,0,1,4,2,GoodsBase,使用后获得1500代金券,
110365,2000代金券礼券,道具,,通用,0,1,4,2,GoodsBase,使用后获得2000代金券,
110366,5000代金券礼券,道具,,通用,0,1,4,2,GoodsBase,使用后获得5000代金券,
110367,10000代金券礼券,道具,,通用,0,1,4,2,GoodsBase,使用后获得10000代金券,
110368,15000代金券礼券,道具,,通用,0,1,4,2,GoodsBase,使用后获得15000代金券,
110369,20000代金券礼券,道具,,通用,0,1,4,2,GoodsBase,使用后获得20000代金券,
110370,30000代金券礼券,道具,,通用,0,1,4,2,GoodsBase,使用后获得30000代金券,
110371,40000代金券礼券,道具,,通用,0,1,4,2,GoodsBase,使用后获得40000代金券,
110372,120000代金券礼券,道具,,通用,0,1,4,2,GoodsBase,使用后获得120000代金券,
110373,一小袋金币,道具,,通用,0,1,3,2,GoodsBase,使用后获得50000铜币,
110374,一袋金币,道具,,通用,0,1,3,2,GoodsBase,使用后获得500000铜币,
110375,一大袋金币,道具,,通用,0,1,4,2,GoodsBase,使用后获得990000铜币,
110376,一桶金币,道具,,通用,0,1,4,2,GoodsBase,使用后获得9990000铜币,
110377,母鸡下蛋,道具,,通用,0,1,4,2,GoodsBase,使用后获得20000000铜币,
110378,银元宝,道具,,通用,0,1,4,2,GoodsBase,使用后获得10元宝,
110379,金元宝,道具,,通用,0,1,4,2,GoodsBase,使用后获得50元宝,
110380,1.5倍挂机经验卡,道具,,通用,0,1,3,2,GoodsBase,使用后使挂机变为1.5倍，持续1小时,
110381,2倍挂机经验卡,道具,,通用,0,1,3,2,GoodsBase,使用后使挂机变为2倍，持续1小时,
110382,3倍挂机经验卡,道具,,通用,0,1,3,2,GoodsBase,使用后使挂机变为3倍，持续1小时,
110383,4倍挂机经验卡,道具,,通用,0,1,4,2,GoodsBase,使用后使挂机变为4倍，持续1小时,
110384,8倍挂机经验卡,道具,,通用,0,1,4,2,GoodsBase,使用后使挂机变为8倍，持续1小时,
110385,宠物粮食,道具,,通用,0,1,1,2,GoodsBase,使用后增加宠物经验100,
110386,小鱼干,道具,,通用,0,1,2,2,GoodsBase,使用后增加宠物经验200,
110387,美味汤,道具,,通用,0,1,3,2,GoodsBase,使用后增加宠物经验500和1点活跃值,
110388,高级粮食,道具,,通用,0,1,4,2,GoodsBase,使用后增加宠物经验1000和1点活跃值,
110389,大腿肉,道具,,通用,0,1,4,2,GoodsBase,使用后增加宠物经验2000和1点活跃值,
110390,小黄鸭,道具,,通用,0,1,3,2,GoodsBase,使用后可以增加与宠物的亲密度20,
110391,回旋皮球,道具,,通用,0,1,4,2,GoodsBase,使用后可以增加与宠物的亲密度50,
110392,宠物1.5倍经验卡,道具,,通用,0,1,2,2,GoodsBase,使用后使宠物锻炼经验变为1.5倍，持续1小时,
110393,宠物2倍经验卡,道具,,通用,0,1,3,2,GoodsBase,使用后使宠物锻炼经验变为2倍，持续1小时,
110394,YOYO套装礼盒·足球,道具,,通用,0,1,4,2,GoodsBase,使用后获得极品装备,
110395,YOYO套装礼盒·超能力,道具,,通用,0,1,4,2,GoodsBase,使用后获得极品装备,
110396,YOYO套装礼盒·军官,道具,,通用,0,1,4,2,GoodsBase,使用后获得极品装备,
110397,YOYO套装礼盒·护士,道具,,通用,0,1,4,2,GoodsBase,使用后获得极品装备,
110398,改※YOYO套装礼盒·足球,道具,,通用,0,1,4,2,GoodsBase,使用后获得极品装备,
110399,改※YOYO套装礼盒·超能力,道具,,通用,0,1,4,2,GoodsBase,使用后获得极品装备,
110400,改※YOYO套装礼盒·军官,道具,,通用,0,1,4,2,GoodsBase,使用后获得极品装备,
110401,改※YOYO套装礼盒·护士,道具,,通用,0,1,4,2,GoodsBase,使用后获得极品装备,
110402,极※YOYO套装礼盒·足球,道具,,通用,0,1,4,2,GoodsBase,使用后获得极品装备,
110403,极※YOYO套装礼盒·超能力,道具,,通用,0,1,4,2,GoodsBase,使用后获得极品装备,
110404,极※YOYO套装礼盒·军官,道具,,通用,0,1,4,2,GoodsBase,使用后获得极品装备,
110405,极※YOYO套装礼盒·护士,道具,,通用,0,1,4,2,GoodsBase,使用后获得极品装备,
110406,尊※YOYO套装礼盒·足球,道具,,通用,0,1,4,2,GoodsBase,使用后获得极品装备,
110407,尊※YOYO套装礼盒·超能力,道具,,通用,0,1,4,2,GoodsBase,使用后获得极品装备,
110408,尊※YOYO套装礼盒·军官,道具,,通用,0,1,4,2,GoodsBase,使用后获得极品装备,
110409,尊※YOYO套装礼盒·护士,道具,,通用,0,1,4,2,GoodsBase,使用后获得极品装备,
110410,王※YOYO套装礼盒·足球,道具,,通用,0,1,4,2,GoodsBase,使用后获得极品装备,
110411,王※YOYO套装礼盒·超能力,道具,,通用,0,1,4,2,GoodsBase,使用后获得极品装备,
110412,王※YOYO套装礼盒·军官,道具,,通用,0,1,4,2,GoodsBase,使用后获得极品装备,
110413,王※YOYO套装礼盒·护士,道具,,通用,0,1,4,2,GoodsBase,使用后获得极品装备,
110414,皇※YOYO套装礼盒·足球,道具,,通用,0,1,4,2,GoodsBase,使用后获得极品装备,
110415,皇※YOYO套装礼盒·超能力,道具,,通用,0,1,4,2,GoodsBase,使用后获得极品装备,
110416,皇※YOYO套装礼盒·军官,道具,,通用,0,1,4,2,GoodsBase,使用后获得极品装备,
110417,皇※YOYO套装礼盒·护士,道具,,通用,0,1,4,2,GoodsBase,使用后获得极品装备,
110418,生者必灭礼盒·足球,道具,,通用,0,1,4,2,GoodsBase,使用后获得极品装备,
110419,生者必灭礼盒·超能力,道具,,通用,0,1,4,2,GoodsBase,使用后获得极品装备,
110420,生者必灭礼盒·军官,道具,,通用,0,1,4,2,GoodsBase,使用后获得极品装备,
110421,生者必灭礼盒·护士,道具,,通用,0,1,4,2,GoodsBase,使用后获得极品装备,
110422,绝※生者必灭礼盒·足球,道具,,通用,0,1,4,2,GoodsBase,使用后获得极品装备,
110423,绝※生者必灭礼盒·超能力,道具,,通用,0,1,4,2,GoodsBase,使用后获得极品装备,
110424,绝※生者必灭礼盒·军官,道具,,通用,0,1,4,2,GoodsBase,使用后获得极品装备,
110425,绝※生者必灭礼盒·护士,道具,,通用,0,1,4,2,GoodsBase,使用后获得极品装备,
110426,紫药礼盒,道具,,通用,0,1,4,2,GoodsBase,使用后获得88紫药,
110427,手工小礼包,道具,,通用,0,1000,4,2,GoodsBase,使用后获得400个天上，120个天下，四种普通彩石各10个,
110428,手工大礼包,道具,,通用,0,1000,4,2,GoodsBase,使用后获得400个天上，120个天下，四种稀有彩石各10个,
110429,随机代金券礼券,道具,,通用,0,1,4,2,GoodsBase,使用后随机获得1-500代金券,
110430,江湖历练宝箱（1级）,道具,,通用,0,1000,4,2,GoodsBase,使用后获得江湖历练宝箱（2级），以及珍稀物品材料等,
110431,江湖历练宝箱（2级）,道具,,通用,0,2000,4,2,GoodsBase,使用后获得江湖历练宝箱（3级），以及珍稀物品材料等,
110432,江湖历练宝箱（3级）,道具,,通用,0,3000,4,2,GoodsBase,使用后获得江湖历练宝箱（4级），以及珍稀物品材料等,
110433,江湖历练宝箱（4级）,道具,,通用,0,4000,4,2,GoodsBase,使用后获得江湖历练宝箱（5级），以及珍稀物品材料等,
110434,江湖历练宝箱（5级）,道具,,通用,0,5000,4,2,GoodsBase,使用后获得大量珍稀物品材料等,
110809,1000万生命魔法球,道具,,通用,0,2000,3,2,GoodsBase,战斗结束后自动回满生命，不可叠加，存储10000000hp,
110810,2000万生命魔法球,道具,,通用,0,2000,4,2,GoodsBase,战斗结束后自动回满生命，不可叠加，存储20000000hp,
110811,1000万精力魔法球,道具,,通用,0,2000,3,2,GoodsBase,战斗结束后自动回满精力，不可叠加，存储10000000mp,
110812,2000万精力魔法球,道具,,通用,0,2000,4,2,GoodsBase,战斗结束后自动回满精力，不可叠加，存储20000000mp,
110813,精力充沛药水,道具,,通用,0,1000,3,2,GoodsBase,使用后恢复20点行动值,
110814,活力满满药水,道具,,通用,0,1000,4,2,GoodsBase,使用后恢复100点行动值,
110815,充值一重好礼,道具,,通用,0,1,4,2,GoodsBase,满4000元宝赠送素材之星.天上”200个，“素材之星.天下”50个，“素材之星.天地”5个，“进化元宝”10个，“奇妙宝石”10个，“奇妙精华”10个,
110816,充值二重好礼,道具,,通用,0,1,4,2,GoodsBase,满10000元宝赠送“一桶金币”10个和同时获得充值一重礼,
110817,充值三重好礼,道具,,通用,0,1,4,2,GoodsBase,满20000元宝送十番队长同时获得充值二重礼,
110818,充值四重好礼,道具,,通用,0,1,4,2,GoodsBase,满40000元宝送暗之战士同时获得充值三重礼,
110819,一桶金币,道具,,通用,0,1,4,2,GoodsBase,使用后获得9990000铜币,
110820,50代金券礼券,道具,,通用,0,1,4,2,GoodsBase,使用后获得50代金券,
110821,1.5倍经验卡（4小时）,道具,,通用,0,1,1,2,GoodsBase,使用后使战斗经验变为1.5倍，持续4小时，经验加成类道具不可叠加，请勿浪费！,
110822,2倍经验卡（4小时）,道具,,通用,0,1,2,2,GoodsBase,使用后使战斗经验变为2倍，持续4小时，经验加成类道具不可叠加，请勿浪费！,
110823,3倍经验卡（4小时）,道具,,通用,0,1,3,2,GoodsBase,使用后使战斗经验变为3倍，持续4小时，经验加成类道具不可叠加，请勿浪费！,
110824,4倍经验卡（4小时）,道具,,通用,0,1,4,2,GoodsBase,使用后使战斗经验变为4倍，持续4小时，经验加成类道具不可叠加，请勿浪费！,
110825,元宝礼盒,道具,,通用,0,4000,4,2,GoodsBase,使用后能获得100元宝,
110826,手工超礼包,道具,,通用,0,1000,4,2,GoodsBase,使用后获得四种幻彩石各10个,
110827,上古陨石小礼包,道具,,通用,0,1000,4,2,GoodsBase,使用后获得上古陨石500个,
110828,上古陨石大礼包,道具,,通用,0,1000,4,2,GoodsBase,使用后获得上古陨石1000个,
110829,普通跑图卡,道具,,通用,0,1000,3,2,GoodsBase,使用后可以增加一小时普通跑图时间，此时间自动跑图时消耗，时间可累积,
110830,畅爽跑图卡,道具,,通用,0,1000,4,2,GoodsBase,使用后可以增加一小时畅爽跑图时间，【期间自动使用经验卡和血球、蓝球，多余的物品自动存仓库】；此时间自动跑图时消耗，优于普通跑图时间，两者不可叠加，时间可累积,
110831,家族贡献兑换卡,道具,,通用,0,1,4,2,GoodsBase,使用后获得10家族贡献,
110832,4000万生命魔法球,道具,,通用,0,6000,4,2,GoodsBase,战斗结束后自动回满生命，不可叠加，存储40000000hp,
110833,8000亿生命魔法球,道具,,通用,0,6000,4,2,GoodsBase,战斗结束后自动回满生命，不可叠加，存储80000000000hp,
110834,4000万精力魔法球,道具,,通用,0,6000,4,2,GoodsBase,战斗结束后自动回满精力，不可叠加，存储40000000mp,
110835,8亿精力魔法球,道具,,通用,0,6000,4,2,GoodsBase,战斗结束后自动回满精力，不可叠加，存储800000000mp,
110836,装备强化券,道具,,通用,0,6000,5,2,GoodsBase,强化装备到20级（满级），强化背包第一个（左上角）位置的装备,
110837,老王盖饭,道具,,通用,0,6000,4,2,GoodsBase,使用后增加宠物经验5000,
110838,口渴口乐,道具,,通用,0,6000,2,2,GoodsBase,使用后增加宠物经验1000,
110839,咯咯蛋蛋面,道具,,通用,0,6000,2,2,GoodsBase,使用后增加宠物经验1500,
110840,领主宝箱·专家,道具,,通用,0,13000,2,2,GoodsBase,击败领主奖励,
110841,领主宝箱·大师,道具,,通用,0,13000,2,2,GoodsBase,击败领主奖励,
110842,2024新年礼包,道具,,通用,0,6000,5,2,GoodsBase,新年礼包，有几率获得以下物品之一：手工大礼包、手工超礼包、上古陨石小礼包、上古陨石大礼包、母鸡下蛋*100、远古战魂存息、素材·无双、5000代金券礼券,
110843,2024新年礼包·满级,道具,,通用,0,6000,5,2,GoodsBase,新年礼包，有几率获得以下物品之一：☆无可匹敌☆、☆唯我独尊☆、元宝礼盒,
120211,练习针筒,装备,武器,护士,3,10,1,1,EquipBase,在背包双击可以装备。（可在装备合成大师处进化）,
120212,刁蛮针筒,装备,武器,护士,3,100,1,1,EquipBase,在背包双击可以装备。（可在装备合成大师处进化）,
120213,羁绊针筒,装备,武器,护士,3,500,1,1,EquipBase,在背包双击可以装备。（可在装备合成大师处进化）,
120214,奇迹制造者,装备,武器,护士,3,1000,1,1,EquipBase,在背包双击可以装备。（可在装备合成大师处进化）,
120215,天上·祭祀,装备,武器,护士,3,2000,2,1,EquipBase,在背包双击可以装备。（可在装备合成大师处进化）,
120216,天下·闪灵,装备,武器,护士,3,3000,3,1,EquipBase,在背包双击可以装备。（可在装备合成大师处进化）,
120217,天地·神怒,装备,武器,护士,3,4000,4,1,EquipBase,在背包双击可以装备。（可在装备合成大师处进化）,
120218,无双·天启,装备,武器,护士,3,5000,4,1,EquipBase,在背包双击可以装备。（可在装备合成大师处进化）,
120219,练习墨镜,装备,武器,超能力,4,10,1,1,EquipBase,在背包双击可以装备。（可在装备合成大师处进化）,
120220,刁蛮墨镜,装备,武器,超能力,4,100,1,1,EquipBase,在背包双击可以装备。（可在装备合成大师处进化）,
120221,透视眼镜,装备,武器,超能力,4,500,1,1,EquipBase,在背包双击可以装备。（可在装备合成大师处进化）,
120222,泯灭之镜,装备,武器,超能力,4,1000,1,1,EquipBase,在背包双击可以装备。（可在装备合成大师处进化）,
120223,天上·狰狞,装备,武器,超能力,4,2000,2,1,EquipBase,在背包双击可以装备。（可在装备合成大师处进化）,
120224,天下·独裁,装备,武器,超能力,4,3000,3,1,EquipBase,在背包双击可以装备。（可在装备合成大师处进化）,
120225,天地·毁灭公爵,装备,武器,超能力,4,4000,4,1,EquipBase,在背包双击可以装备。（可在装备合成大师处进化）,
120226,无双·守护天国,装备,武器,超能力,4,5000,4,1,EquipBase,在背包双击可以装备。（可在装备合成大师处进化）,
120227,练习手枪,装备,武器,军官,1,10,1,1,EquipBase,在背包双击可以装备。（可在装备合成大师处进化）,
120228,刁蛮手枪,装备,武器,军官,1,100,1,1,EquipBase,在背包双击可以装备。（可在装备合成大师处进化）,
120229,毒蜂,装备,武器,军官,1,500,1,1,EquipBase,在背包双击可以装备。（可在装备合成大师处进化）,
120230,狩猎之王,装备,武器,军官,1,1000,1,1,EquipBase,在背包双击可以装备。（可在装备合成大师处进化）,
120231,天上·绝杀,装备,武器,军官,1,2000,2,1,EquipBase,在背包双击可以装备。（可在装备合成大师处进化）,
120232,天下·死亡舞步,装备,武器,军官,1,3000,3,1,EquipBase,在背包双击可以装备。（可在装备合成大师处进化）,
120233,天地·君威,装备,武器,军官,1,4000,4,1,EquipBase,在背包双击可以装备。（可在装备合成大师处进化）,
120234,无双·神悦,装备,武器,军官,1,5000,4,1,EquipBase,在背包双击可以装备。（可在装备合成大师处进化）,
120235,练习足球,装备,武器,运动员,2,10,1,1,EquipBase,在背包双击可以装备。（可在装备合成大师处进化）,
120236,刁蛮足球,装备,武器,运动员,2,100,1,1,EquipBase,在背包双击可以装备。（可在装备合成大师处进化）,
120237,奇迹足球,装备,武器,运动员,2,500,1,1,EquipBase,在背包双击可以装备。（可在装备合成大师处进化）,
120238,祈祷,装备,武器,运动员,2,1000,1,1,EquipBase,在背包双击可以装备。（可在装备合成大师处进化）,
120239,天上·烈虎,装备,武器,运动员,2,2000,2,1,EquipBase,在背包双击可以装备。（可在装备合成大师处进化）,
120240,天下·天命,装备,武器,运动员,2,3000,3,1,EquipBase,在背包双击可以装备。（可在装备合成大师处进化）,
120241,天地·惩罚者,装备,武器,运动员,2,4000,4,1,EquipBase,在背包双击可以装备。（可在装备合成大师处进化）,
120242,无双·炙火天舞,装备,武器,运动员,2,5000,4,1,EquipBase,在背包双击可以装备。（可在装备合成大师处进化）,
120243,练习衬衫,装备,衣服,护士,3,25,1,1,EquipBase,在背包双击可以装备。（可在装备合成大师处进化）,
120244,刁蛮衬衫,装备,衣服,护士,3,100,1,1,EquipBase,在背包双击可以装备。（可在装备合成大师处进化）,
120245,羁绊衬衫,装备,衣服,护士,3,1100,1,1,EquipBase,在背包双击可以装备。（可在装备合成大师处进化）,
120246,天上·圣御,装备,衣服,护士,3,2100,2,1,EquipBase,在背包双击可以装备。（可在装备合成大师处进化）,
120247,天下·魂躯,装备,衣服,护士,3,3100,2,1,EquipBase,在背包双击可以装备。（可在装备合成大师处进化）,
120248,天地·恶灵,装备,衣服,护士,3,4100,3,1,EquipBase,在背包双击可以装备。（可在装备合成大师处进化）,
120249,无双·善御者,装备,衣服,护士,3,5100,4,1,EquipBase,在背包双击可以装备。（可在装备合成大师处进化）,
120250,练习上衣,装备,衣服,超能力,4,25,1,1,EquipBase,在背包双击可以装备。（可在装备合成大师处进化）,
120251,刁蛮上衣,装备,衣服,超能力,4,100,1,1,EquipBase,在背包双击可以装备。（可在装备合成大师处进化）,
120252,异能上衣,装备,衣服,超能力,4,1100,1,1,EquipBase,在背包双击可以装备。（可在装备合成大师处进化）,
120253,天上·魔能,装备,衣服,超能力,4,2100,2,1,EquipBase,在背包双击可以装备。（可在装备合成大师处进化）,
120254,天下·裂魂,装备,衣服,超能力,4,3100,2,1,EquipBase,在背包双击可以装备。（可在装备合成大师处进化）,
120255,天地·霸者,装备,衣服,超能力,4,4100,3,1,EquipBase,在背包双击可以装备。（可在装备合成大师处进化）,
120256,无双·战舞天穹,装备,衣服,超能力,4,5100,4,1,EquipBase,在背包双击可以装备。（可在装备合成大师处进化）,
120257,练习风衣,装备,衣服,军官,1,25,1,1,EquipBase,在背包双击可以装备。（可在装备合成大师处进化）,
120258,刁蛮风衣,装备,衣服,军官,1,100,1,1,EquipBase,在背包双击可以装备。（可在装备合成大师处进化）,
120259,黄色风衣,装备,衣服,军官,1,1100,1,1,EquipBase,在背包双击可以装备。（可在装备合成大师处进化）,
120260,天上·雕翎,装备,衣服,军官,1,2100,2,1,EquipBase,在背包双击可以装备。（可在装备合成大师处进化）,
120261,天下·玄武护魂,装备,衣服,军官,1,3100,2,1,EquipBase,在背包双击可以装备。（可在装备合成大师处进化）,
120262,天地·流云,装备,衣服,军官,1,4100,3,1,EquipBase,在背包双击可以装备。（可在装备合成大师处进化）,
120263,无双·幻影落凰,装备,衣服,军官,1,5100,4,1,EquipBase,在背包双击可以装备。（可在装备合成大师处进化）,
120264,练习运动服,装备,衣服,运动员,2,25,1,1,EquipBase,在背包双击可以装备。（可在装备合成大师处进化）,
120265,刁蛮运动服,装备,衣服,运动员,2,100,1,1,EquipBase,在背包双击可以装备。（可在装备合成大师处进化）,
120266,羁绊运动服,装备,衣服,运动员,2,1100,1,1,EquipBase,在背包双击可以装备。（可在装备合成大师处进化）,
120267,天上·沉息,装备,衣服,运动员,2,2100,2,1,EquipBase,在背包双击可以装备。（可在装备合成大师处进化）,
120268,天下·混元,装备,衣服,运动员,2,3100,2,1,EquipBase,在背包双击可以装备。（可在装备合成大师处进化）,
120269,天地·暗魅之影,装备,衣服,运动员,2,4100,3,1,EquipBase,在背包双击可以装备。（可在装备合成大师处进化）,
120270,无双·武神,装备,衣服,运动员,2,5100,4,1,EquipBase,在背包双击可以装备。（可在装备合成大师处进化）,
120271,练习热裤,装备,裤子,护士,3,35,1,1,EquipBase,在背包双击可以装备。（可在装备合成大师处进化）,
120272,刁蛮短裙,装备,裤子,护士,3,100,1,1,EquipBase,在背包双击可以装备。（可在装备合成大师处进化）,
120273,羁绊短裙,装备,裤子,护士,3,1200,1,1,EquipBase,在背包双击可以装备。（可在装备合成大师处进化）,
120274,天上·白马之影,装备,裤子,护士,3,2200,2,1,EquipBase,在背包双击可以装备。（可在装备合成大师处进化）,
120275,天下·响尾蛇的诱惑,装备,裤子,护士,3,3200,2,1,EquipBase,在背包双击可以装备。（可在装备合成大师处进化）,
120276,天地·克罗姆,装备,裤子,护士,3,4200,3,1,EquipBase,在背包双击可以装备。（可在装备合成大师处进化）,
120277,无双·尘封悲鸣,装备,裤子,护士,3,5200,4,1,EquipBase,在背包双击可以装备。（可在装备合成大师处进化）,
120278,练习短裤,装备,裤子,超能力,4,35,1,1,EquipBase,在背包双击可以装备。（可在装备合成大师处进化）,
120279,刁蛮四角裤,装备,裤子,超能力,4,100,1,1,EquipBase,在背包双击可以装备。（可在装备合成大师处进化）,
120280,不知名的黄色短裤,装备,裤子,超能力,4,1200,1,1,EquipBase,在背包双击可以装备。（可在装备合成大师处进化）,
120281,天上·原谅裤,装备,裤子,超能力,4,2200,2,1,EquipBase,在背包双击可以装备。（可在装备合成大师处进化）,
120282,天下·烽火连城,装备,裤子,超能力,4,3200,2,1,EquipBase,在背包双击可以装备。（可在装备合成大师处进化）,
120283,天地·摩羯守护,装备,裤子,超能力,4,4200,3,1,EquipBase,在背包双击可以装备。（可在装备合成大师处进化）,
120284,无双·永恒烈焰,装备,裤子,超能力,4,5200,4,1,EquipBase,在背包双击可以装备。（可在装备合成大师处进化）,
120285,练习西裤,装备,裤子,军官,1,35,1,1,EquipBase,在背包双击可以装备。（可在装备合成大师处进化）,
120286,刁蛮西裤,装备,裤子,军官,1,100,1,1,EquipBase,在背包双击可以装备。（可在装备合成大师处进化）,
120287,羁绊西裤,装备,裤子,军官,1,1200,1,1,EquipBase,在背包双击可以装备。（可在装备合成大师处进化）,
120288,天上·突击,装备,裤子,军官,1,2200,2,1,EquipBase,在背包双击可以装备。（可在装备合成大师处进化）,
120289,天下·稳如磐石,装备,裤子,军官,1,3200,2,1,EquipBase,在背包双击可以装备。（可在装备合成大师处进化）,
120290,天地·遗忘者,装备,裤子,军官,1,4200,3,1,EquipBase,在背包双击可以装备。（可在装备合成大师处进化）,
120291,无双·武动之魂,装备,裤子,军官,1,5200,4,1,EquipBase,在背包双击可以装备。（可在装备合成大师处进化）,
120292,练习运动裤,装备,裤子,运动员,2,35,1,1,EquipBase,在背包双击可以装备。（可在装备合成大师处进化）,
120293,刁蛮运动裤,装备,裤子,运动员,2,100,1,1,EquipBase,在背包双击可以装备。（可在装备合成大师处进化）,
120294,羁绊运动裤,装备,裤子,运动员,2,1200,1,1,EquipBase,在背包双击可以装备。（可在装备合成大师处进化）,
120295,天上·逝魔之暴,装备,裤子,运动员,2,2200,2,1,EquipBase,在背包双击可以装备。（可在装备合成大师处进化）,
120296,天下·锦绣丹华,装备,裤子,运动员,2,3200,2,1,EquipBase,在背包双击可以装备。（可在装备合成大师处进化）,
120297,天地·影杀炼狱,装备,裤子,运动员,2,4200,3,1,EquipBase,在背包双击可以装备。（可在装备合成大师处进化）,
120298,无双·地灵绝魂,装备,裤子,运动员,2,5200,4,1,EquipBase,在背包双击可以装备。（可在装备合成大师处进化）,
120299,练习白手套,装备,手套,护士,3,45,1,1,EquipBase,在背包双击可以装备。（可在装备合成大师处进化）,
120300,天上·执行者,装备,手套,护士,3,1300,1,1,EquipBase,在背包双击可以装备。（可在装备合成大师处进化）,
120301,天下·屠杀之巫,装备,手套,护士,3,2300,2,1,EquipBase,在背包双击可以装备。（可在装备合成大师处进化）,
120302,天地·夺魄,装备,手套,护士,3,4300,3,1,EquipBase,在背包双击可以装备。（可在装备合成大师处进化）,
120303,无双·回天,装备,手套,护士,3,5300,4,1,EquipBase,在背包双击可以装备。（可在装备合成大师处进化）,
120304,练习手套,装备,手套,超能力,4,45,1,1,EquipBase,在背包双击可以装备。（可在装备合成大师处进化）,
120305,天上·恩典,装备,手套,超能力,4,1300,1,1,EquipBase,在背包双击可以装备。（可在装备合成大师处进化）,
120306,天下·无法者,装备,手套,超能力,4,2300,2,1,EquipBase,在背包双击可以装备。（可在装备合成大师处进化）,
120307,天地·真灵,装备,手套,超能力,4,4300,3,1,EquipBase,在背包双击可以装备。（可在装备合成大师处进化）,
120308,无双·神之怒击,装备,手套,超能力,4,5300,4,1,EquipBase,在背包双击可以装备。（可在装备合成大师处进化）,
120309,练习皮手套,装备,手套,运动员,2,45,1,1,EquipBase,在背包双击可以装备。（可在装备合成大师处进化）,
120310,刁蛮皮手套,装备,手套,运动员,2,1300,1,1,EquipBase,在背包双击可以装备。（可在装备合成大师处进化）,
120311,天下·释魂,装备,手套,运动员,2,2300,2,1,EquipBase,在背包双击可以装备。（可在装备合成大师处进化）,
120312,天地·拳风,装备,手套,运动员,2,4300,3,1,EquipBase,在背包双击可以装备。（可在装备合成大师处进化）,
120313,无双·战术之王,装备,手套,运动员,2,5300,4,1,EquipBase,在背包双击可以装备。（可在装备合成大师处进化）,
120314,练习黄手套,装备,手套,军官,1,45,1,1,EquipBase,在背包双击可以装备。（可在装备合成大师处进化）,
120315,天上·极皇拳套,装备,手套,军官,1,1300,1,1,EquipBase,在背包双击可以装备。（可在装备合成大师处进化）,
120316,天下·卑劣肾击者,装备,手套,军官,1,2300,2,1,EquipBase,在背包双击可以装备。（可在装备合成大师处进化）,
120317,天地·死亡颂歌,装备,手套,军官,1,4300,3,1,EquipBase,在背包双击可以装备。（可在装备合成大师处进化）,
120318,无双·断肠之殇,装备,手套,军官,1,5300,4,1,EquipBase,在背包双击可以装备。（可在装备合成大师处进化）,
120319,练习短靴,装备,鞋子,护士,3,55,1,1,EquipBase,在背包双击可以装备。（可在装备合成大师处进化）,
120320,刁蛮短靴,装备,鞋子,护士,3,1400,1,1,EquipBase,在背包双击可以装备。（可在装备合成大师处进化）,
120321,天上·自然亲和,装备,鞋子,护士,3,2400,1,1,EquipBase,在背包双击可以装备。（可在装备合成大师处进化）,
120322,天下·蔷薇,装备,鞋子,护士,3,3400,2,1,EquipBase,在背包双击可以装备。（可在装备合成大师处进化）,
120323,天地·羽兽之灵,装备,鞋子,护士,3,4400,3,1,EquipBase,在背包双击可以装备。（可在装备合成大师处进化）,
120324,无双·魔蝎守护者,装备,鞋子,护士,3,5400,4,1,EquipBase,在背包双击可以装备。（可在装备合成大师处进化）,
120325,练习板鞋,装备,鞋子,超能力,4,55,1,1,EquipBase,在背包双击可以装备。（可在装备合成大师处进化）,
120326,刁蛮板鞋,装备,鞋子,超能力,4,1400,1,1,EquipBase,在背包双击可以装备。（可在装备合成大师处进化）,
120327,天上·黑色瘟疫,装备,鞋子,超能力,4,2400,1,1,EquipBase,在背包双击可以装备。（可在装备合成大师处进化）,
120328,天下·原谅鞋,装备,鞋子,超能力,4,3400,2,1,EquipBase,在背包双击可以装备。（可在装备合成大师处进化）,
120329,天地·星云迷踪,装备,鞋子,超能力,4,4400,3,1,EquipBase,在背包双击可以装备。（可在装备合成大师处进化）,
120330,无双·禁锢之限,装备,鞋子,超能力,4,5400,4,1,EquipBase,在背包双击可以装备。（可在装备合成大师处进化）,
120331,练习皮鞋,装备,鞋子,军官,1,55,1,1,EquipBase,在背包双击可以装备。（可在装备合成大师处进化）,
120332,刁蛮皮鞋,装备,鞋子,军官,1,1400,1,1,EquipBase,在背包双击可以装备。（可在装备合成大师处进化）,
120333,天上·刺杀者,装备,鞋子,军官,1,2400,1,1,EquipBase,在背包双击可以装备。（可在装备合成大师处进化）,
120334,天下·善斗者,装备,鞋子,军官,1,3400,2,1,EquipBase,在背包双击可以装备。（可在装备合成大师处进化）,
120335,天地·预言守卫者,装备,鞋子,军官,1,4400,3,1,EquipBase,在背包双击可以装备。（可在装备合成大师处进化）,
120336,无双·天马守护,装备,鞋子,军官,1,5400,4,1,EquipBase,在背包双击可以装备。（可在装备合成大师处进化）,
120337,练习运动鞋,装备,鞋子,运动员,2,55,1,1,EquipBase,在背包双击可以装备。（可在装备合成大师处进化）,
120338,刁蛮运动鞋,装备,鞋子,运动员,2,1400,1,1,EquipBase,在背包双击可以装备。（可在装备合成大师处进化）,
120339,天上·夜神探索,装备,鞋子,运动员,2,2400,1,1,EquipBase,在背包双击可以装备。（可在装备合成大师处进化）,
120340,天下·霸域英豪,装备,鞋子,运动员,2,3400,2,1,EquipBase,在背包双击可以装备。（可在装备合成大师处进化）,
120341,天地·致命逆袭,装备,鞋子,运动员,2,4400,3,1,EquipBase,在背包双击可以装备。（可在装备合成大师处进化）,
120342,无双·玄武鸣天,装备,鞋子,运动员,2,5400,4,1,EquipBase,在背包双击可以装备。（可在装备合成大师处进化）,
120343,冒险者力量头盔,装备,帽子,通用,0,1,1,1,EquipBase,在背包双击可以装备。（可在装备合成大师处进化）,
120344,改※守护者力量头盔,装备,帽子,通用,0,1,2,1,EquipBase,在背包双击可以装备。（可在装备合成大师处进化）,
120345,极※守护者力量头盔,装备,帽子,通用,0,1,3,1,EquipBase,在背包双击可以装备。（可在装备合成大师处进化）,
120346,尊※守护者力量头盔,装备,帽子,通用,0,1,4,1,EquipBase,在背包双击可以装备。（可在装备合成大师处进化）,
120347,王※守护者力量头盔,装备,帽子,通用,0,1,4,1,EquipBase,在背包双击可以装备。（可在装备合成大师处进化）,
120348,皇※守护者力量头盔,装备,帽子,通用,0,1,4,1,EquipBase,在背包双击可以装备。（可在装备合成大师处进化）,
120349,冒险者敏捷头盔,装备,帽子,通用,0,1,1,1,EquipBase,在背包双击可以装备。（可在装备合成大师处进化）,
120350,改※守护者敏捷头盔,装备,帽子,通用,0,1,2,1,EquipBase,在背包双击可以装备。（可在装备合成大师处进化）,
120351,极※守护者敏捷头盔,装备,帽子,通用,0,1,3,1,EquipBase,在背包双击可以装备。（可在装备合成大师处进化）,
120352,尊※守护者敏捷头盔,装备,帽子,通用,0,1,4,1,EquipBase,在背包双击可以装备。（可在装备合成大师处进化）,
120353,王※守护者敏捷头盔,装备,帽子,通用,0,1,4,1,EquipBase,在背包双击可以装备。（可在装备合成大师处进化）,
120354,皇※守护者敏捷头盔,装备,帽子,通用,0,1,4,1,EquipBase,在背包双击可以装备。（可在装备合成大师处进化）,
120355,冒险者精神头盔,装备,帽子,通用,0,1,1,1,EquipBase,在背包双击可以装备。（可在装备合成大师处进化）,
120356,改※守护者精神头盔,装备,帽子,通用,0,1,2,1,EquipBase,在背包双击可以装备。（可在装备合成大师处进化）,
120357,极※守护者精神头盔,装备,帽子,通用,0,1,3,1,EquipBase,在背包双击可以装备。（可在装备合成大师处进化）,
120358,尊※守护者精神头盔,装备,帽子,通用,0,1,4,1,EquipBase,在背包双击可以装备。（可在装备合成大师处进化）,
120359,王※守护者精神头盔,装备,帽子,通用,0,1,4,1,EquipBase,在背包双击可以装备。（可在装备合成大师处进化）,
120360,皇※守护者精神头盔,装备,帽子,通用,0,1,4,1,EquipBase,在背包双击可以装备。（可在装备合成大师处进化）,
120361,冒险者智慧头盔,装备,帽子,通用,0,1,1,1,EquipBase,在背包双击可以装备。（可在装备合成大师处进化）,
120362,改※守护者智慧头盔,装备,帽子,通用,0,1,2,1,EquipBase,在背包双击可以装备。（可在装备合成大师处进化）,
120363,极※守护者智慧头盔,装备,帽子,通用,0,1,3,1,EquipBase,在背包双击可以装备。（可在装备合成大师处进化）,
120364,尊※守护者智慧头盔,装备,帽子,通用,0,1,4,1,EquipBase,在背包双击可以装备。（可在装备合成大师处进化）,
120365,王※守护者智慧头盔,装备,帽子,通用,0,1,4,1,EquipBase,在背包双击可以装备。（可在装备合成大师处进化）,
120366,皇※守护者智慧头盔,装备,帽子,通用,0,1,4,1,EquipBase,在背包双击可以装备。（可在装备合成大师处进化）,
120367,✰今晚打老虎✰,装备,称号,通用,0,1,2,1,EquipBase,在背包双击可以装备。（可在装备合成大师处进化）,
120368,✰代表月亮消灭你✰,装备,称号,通用,0,1000,3,1,EquipBase,在背包双击可以装备。（可在装备合成大师处进化）,
120369,✰多情男子✰,装备,称号,通用,0,1,3,1,EquipBase,在背包双击可以装备。（可在装备合成大师处进化）,
120370,✰热血英豪✰,装备,称号,通用,0,1000,3,1,EquipBase,在背包双击可以装备。（可在装备合成大师处进化）,
120371,✰辣手回春✰,装备,称号,通用,0,400,4,1,EquipBase,在背包双击可以装备。（可在装备合成大师处进化）,
120372,✰活力宝贝✰,装备,称号,通用,0,200,4,1,EquipBase,在背包双击可以装备。（可在装备合成大师处进化）,
120373,✰天下无双✰,装备,称号,通用,0,1,4,1,EquipBase,在背包双击可以装备。（可在装备合成大师处进化）,
120374,✰天下无敌✰,装备,称号,通用,0,1,4,1,EquipBase,在背包双击可以装备。（可在装备合成大师处进化）,
120375,冒险者力量护腕,装备,护腕,通用,0,1,1,1,EquipBase,在背包双击可以装备。（可在装备合成大师处进化）,
120376,改※守护者力量护腕,装备,护腕,通用,0,1,2,1,EquipBase,在背包双击可以装备。（可在装备合成大师处进化）,
120377,极※守护者力量护腕,装备,护腕,通用,0,1,3,1,EquipBase,在背包双击可以装备。（可在装备合成大师处进化）,
120378,尊※守护者力量护腕,装备,护腕,通用,0,1,4,1,EquipBase,在背包双击可以装备。（可在装备合成大师处进化）,
120379,王※守护者力量护腕,装备,护腕,通用,0,1,4,1,EquipBase,在背包双击可以装备。（可在装备合成大师处进化）,
120380,皇※守护者力量护腕,装备,护腕,通用,0,1,4,1,EquipBase,在背包双击可以装备。（可在装备合成大师处进化）,
120381,冒险者敏捷护腕,装备,护腕,通用,0,1,1,1,EquipBase,在背包双击可以装备。（可在装备合成大师处进化）,
120382,改※守护者敏捷护腕,装备,护腕,通用,0,1,2,1,EquipBase,在背包双击可以装备。（可在装备合成大师处进化）,
120383,极※守护者敏捷护腕,装备,护腕,通用,0,1,3,1,EquipBase,在背包双击可以装备。（可在装备合成大师处进化）,
120384,尊※守护者敏捷护腕,装备,护腕,通用,0,1,4,1,EquipBase,在背包双击可以装备。（可在装备合成大师处进化）,
120385,王※守护者敏捷护腕,装备,护腕,通用,0,1,4,1,EquipBase,在背包双击可以装备。（可在装备合成大师处进化）,
120386,皇※守护者敏捷护腕,装备,护腕,通用,0,1,4,1,EquipBase,在背包双击可以装备。（可在装备合成大师处进化）,
120387,冒险者精神护腕,装备,护腕,通用,0,1,1,1,EquipBase,在背包双击可以装备。（可在装备合成大师处进化）,
120388,改※守护者精神护腕,装备,护腕,通用,0,1,2,1,EquipBase,在背包双击可以装备。（可在装备合成大师处进化）,
120389,极※守护者精神护腕,装备,护腕,通用,0,1,3,1,EquipBase,在背包双击可以装备。（可在装备合成大师处进化）,
120390,尊※守护者精神护腕,装备,护腕,通用,0,1,4,1,EquipBase,在背包双击可以装备。（可在装备合成大师处进化）,
120391,王※守护者精神护腕,装备,护腕,通用,0,1,4,1,EquipBase,在背包双击可以装备。（可在装备合成大师处进化）,
120392,皇※守护者精神护腕,装备,护腕,通用,0,1,4,1,EquipBase,在背包双击可以装备。（可在装备合成大师处进化）,
120393,冒险者智慧护腕,装备,护腕,通用,0,1,1,1,EquipBase,在背包双击可以装备。（可在装备合成大师处进化）,
120394,改※守护者智慧护腕,装备,护腕,通用,0,1,2,1,EquipBase,在背包双击可以装备。（可在装备合成大师处进化）,
120395,极※守护者智慧护腕,装备,护腕,通用,0,1,3,1,EquipBase,在背包双击可以装备。（可在装备合成大师处进化）,
120396,尊※守护者智慧护腕,装备,护腕,通用,0,1,4,1,EquipBase,在背包双击可以装备。（可在装备合成大师处进化）,
120397,王※守护者智慧护腕,装备,护腕,通用,0,1,4,1,EquipBase,在背包双击可以装备。（可在装备合成大师处进化）,
120398,皇※守护者智慧护腕,装备,护腕,通用,0,1,4,1,EquipBase,在背包双击可以装备。（可在装备合成大师处进化）,
120399,YOYO的防弹背心·风,装备,衣服,运动员,2,1,4,1,EquipBase,在背包双击可以装备。（可在背包进化）,
120400,YOYO的防弹裤·风,装备,裤子,运动员,2,1,4,1,EquipBase,在背包双击可以装备。（可在背包进化）,
120401,YOYO的高能手套·风,装备,手套,运动员,2,1,4,1,EquipBase,在背包双击可以装备。（可在背包进化）,
120402,YOYO的防火鞋·风,装备,鞋子,运动员,2,1,4,1,EquipBase,在背包双击可以装备。（可在背包进化）,
120403,改※YOYO的防弹背心·风,装备,衣服,运动员,2,1,4,1,EquipBase,在背包双击可以装备。（可在背包进化）,
120404,改※YOYO的防弹裤·风,装备,裤子,运动员,2,1,4,1,EquipBase,在背包双击可以装备。（可在背包进化）,
120405,改※YOYO的高能手套·风,装备,手套,运动员,2,1,4,1,EquipBase,在背包双击可以装备。（可在背包进化）,
120406,改※YOYO的防火鞋·风,装备,鞋子,运动员,2,1,4,1,EquipBase,在背包双击可以装备。（可在背包进化）,
120407,极※YOYO的防弹背心·风,装备,衣服,运动员,2,1,4,1,EquipBase,在背包双击可以装备。（可在背包进化）,
120408,极※YOYO的防弹裤·风,装备,裤子,运动员,2,1,4,1,EquipBase,在背包双击可以装备。（可在背包进化）,
120409,极※YOYO的高能手套·风,装备,手套,运动员,2,1,4,1,EquipBase,在背包双击可以装备。（可在背包进化）,
120410,极※YOYO的防火鞋·风,装备,鞋子,运动员,2,1,4,1,EquipBase,在背包双击可以装备。（可在背包进化）,
120411,尊※YOYO的防弹背心·风,装备,衣服,运动员,2,1,4,1,EquipBase,在背包双击可以装备。（可在背包进化）,
120412,尊※YOYO的防弹裤·风,装备,裤子,运动员,2,1,4,1,EquipBase,在背包双击可以装备。（可在背包进化）,
120413,尊※YOYO的高能手套·风,装备,手套,运动员,2,1,4,1,EquipBase,在背包双击可以装备。（可在背包进化）,
120414,尊※YOYO的防火鞋·风,装备,鞋子,运动员,2,1,4,1,EquipBase,在背包双击可以装备。（可在背包进化）,
120415,王※YOYO的防弹背心·风,装备,衣服,运动员,2,1,4,1,EquipBase,在背包双击可以装备。（可在背包进化）,
120416,王※YOYO的防弹裤·风,装备,裤子,运动员,2,1,4,1,EquipBase,在背包双击可以装备。（可在背包进化）,
120417,王※YOYO的高能手套·风,装备,手套,运动员,2,1,4,1,EquipBase,在背包双击可以装备。（可在背包进化）,
120418,王※YOYO的防火鞋·风,装备,鞋子,运动员,2,1,4,1,EquipBase,在背包双击可以装备。（可在背包进化）,
120419,皇※YOYO的防弹背心·风,装备,衣服,运动员,2,1,4,1,EquipBase,在背包双击可以装备。（可在背包进化）,
120420,皇※YOYO的防弹裤·风,装备,裤子,运动员,2,1,4,1,EquipBase,在背包双击可以装备。（可在背包进化）,
120421,皇※YOYO的高能手套·风,装备,手套,运动员,2,1,4,1,EquipBase,在背包双击可以装备。（可在背包进化）,
120422,皇※YOYO的防火鞋·风,装备,鞋子,运动员,2,1,4,1,EquipBase,在背包双击可以装备。（可在背包进化）,
120423,生者必灭衣·风,装备,衣服,运动员,2,1,4,1,EquipBase,在背包双击可以装备。（可在背包进化）,
120424,生者必灭裤·风,装备,裤子,运动员,2,1,4,1,EquipBase,在背包双击可以装备。（可在背包进化）,
120425,生者必灭手·风,装备,手套,运动员,2,1,4,1,EquipBase,在背包双击可以装备。（可在背包进化）,
120426,生者必灭鞋·风,装备,鞋子,运动员,2,1,4,1,EquipBase,在背包双击可以装备。（可在背包进化）,
120427,影※生者必灭衣·风,装备,衣服,运动员,2,1,4,1,EquipBase,在背包双击可以装备。（可在背包进化）,
120428,影※生者必灭裤·风,装备,裤子,运动员,2,1,4,1,EquipBase,在背包双击可以装备。（可在背包进化）,
120429,影※生者必灭手·风,装备,手套,运动员,2,1,4,1,EquipBase,在背包双击可以装备。（可在背包进化）,
120430,影※生者必灭鞋·风,装备,鞋子,运动员,2,1,4,1,EquipBase,在背包双击可以装备。（可在背包进化）,
120431,YOYO的防弹背心·火,装备,衣服,超能力,4,1,4,1,EquipBase,在背包双击可以装备。（可在背包进化）,
120432,YOYO的防弹裤·火,装备,裤子,超能力,4,1,4,1,EquipBase,在背包双击可以装备。（可在背包进化）,
120433,YOYO的高能手套·火,装备,手套,超能力,4,1,4,1,EquipBase,在背包双击可以装备。（可在背包进化）,
120434,YOYO的防火鞋·火,装备,鞋子,超能力,4,1,4,1,EquipBase,在背包双击可以装备。（可在背包进化）,
120435,改※YOYO的防弹背心·火,装备,衣服,超能力,4,1,4,1,EquipBase,在背包双击可以装备。（可在背包进化）,
120436,改※YOYO的防弹裤·火,装备,裤子,超能力,4,1,4,1,EquipBase,在背包双击可以装备。（可在背包进化）,
120437,改※YOYO的高能手套·火,装备,手套,超能力,4,1,4,1,EquipBase,在背包双击可以装备。（可在背包进化）,
120438,改※YOYO的防火鞋·火,装备,鞋子,超能力,4,1,4,1,EquipBase,在背包双击可以装备。（可在背包进化）,
120439,极※YOYO的防弹背心·火,装备,衣服,超能力,4,1,4,1,EquipBase,在背包双击可以装备。（可在背包进化）,
120440,极※YOYO的防弹裤·火,装备,裤子,超能力,4,1,4,1,EquipBase,在背包双击可以装备。（可在背包进化）,
120441,极※YOYO的高能手套·火,装备,手套,超能力,4,1,4,1,EquipBase,在背包双击可以装备。（可在背包进化）,
120442,极※YOYO的防火鞋·火,装备,鞋子,超能力,4,1,4,1,EquipBase,在背包双击可以装备。（可在背包进化）,
120443,尊※YOYO的防弹背心·火,装备,衣服,超能力,4,1,4,1,EquipBase,在背包双击可以装备。（可在背包进化）,
120444,尊※YOYO的防弹裤·火,装备,裤子,超能力,4,1,4,1,EquipBase,在背包双击可以装备。（可在背包进化）,
120445,尊※YOYO的高能手套·火,装备,手套,超能力,4,1,4,1,EquipBase,在背包双击可以装备。（可在背包进化）,
120446,尊※YOYO的防火鞋·火,装备,鞋子,超能力,4,1,4,1,EquipBase,在背包双击可以装备。（可在背包进化）,
120447,王※YOYO的防弹背心·火,装备,衣服,超能力,4,1,4,1,EquipBase,在背包双击可以装备。（可在背包进化）,
120448,王※YOYO的防弹裤·火,装备,裤子,超能力,4,1,4,1,EquipBase,在背包双击可以装备。（可在背包进化）,
120449,王※YOYO的高能手套·火,装备,手套,超能力,4,1,4,1,EquipBase,在背包双击可以装备。（可在背包进化）,
120450,王※YOYO的防火鞋·火,装备,鞋子,超能力,4,1,4,1,EquipBase,在背包双击可以装备。（可在背包进化）,
120451,皇※YOYO的防弹背心·火,装备,衣服,超能力,4,1,4,1,EquipBase,在背包双击可以装备。（可在背包进化）,
120452,皇※YOYO的防弹裤·火,装备,裤子,超能力,4,1,4,1,EquipBase,在背包双击可以装备。（可在背包进化）,
120453,皇※YOYO的高能手套·火,装备,手套,超能力,4,1,4,1,EquipBase,在背包双击可以装备。（可在背包进化）,
120454,皇※YOYO的防火鞋·火,装备,鞋子,超能力,4,1,4,1,EquipBase,在背包双击可以装备。（可在背包进化）,
120455,生者必灭衣·火,装备,衣服,超能力,4,1,4,1,EquipBase,在背包双击可以装备。（可在背包进化）,
120456,生者必灭裤·火,装备,裤子,超能力,4,1,4,1,EquipBase,在背包双击可以装备。（可在背包进化）,
120457,生者必灭手·火,装备,手套,超能力,4,1,4,1,EquipBase,在背包双击可以装备。（可在背包进化）,
120458,生者必灭鞋·火,装备,鞋子,超能力,4,1,4,1,EquipBase,在背包双击可以装备。（可在背包进化）,
120459,影※生者必灭衣·火,装备,衣服,超能力,4,1,4,1,EquipBase,在背包双击可以装备。（可在背包进化）,
120460,影※生者必灭裤·火,装备,裤子,超能力,4,1,4,1,EquipBase,在背包双击可以装备。（可在背包进化）,
120461,影※生者必灭手·火,装备,手套,超能力,4,1,4,1,EquipBase,在背包双击可以装备。（可在背包进化）,
120462,影※生者必灭鞋·火,装备,鞋子,超能力,4,1,4,1,EquipBase,在背包双击可以装备。（可在背包进化）,
120463,YOYO的防弹背心·山,装备,衣服,军官,1,1,4,1,EquipBase,在背包双击可以装备。（可在背包进化）,
120464,YOYO的防弹裤·山,装备,裤子,军官,1,1,4,1,EquipBase,在背包双击可以装备。（可在背包进化）,
120465,YOYO的高能手套·山,装备,手套,军官,1,1,4,1,EquipBase,在背包双击可以装备。（可在背包进化）,
120466,YOYO的防火鞋·山,装备,鞋子,军官,1,1,4,1,EquipBase,在背包双击可以装备。（可在背包进化）,
120467,改※YOYO的防弹背心·山,装备,衣服,军官,1,1,4,1,EquipBase,在背包双击可以装备。（可在背包进化）,
120468,改※YOYO的防弹裤·山,装备,裤子,军官,1,1,4,1,EquipBase,在背包双击可以装备。（可在背包进化）,
120469,改※YOYO的高能手套·山,装备,手套,军官,1,1,4,1,EquipBase,在背包双击可以装备。（可在背包进化）,
120470,改※YOYO的防火鞋·山,装备,鞋子,军官,1,1,4,1,EquipBase,在背包双击可以装备。（可在背包进化）,
120471,极※YOYO的防弹背心·山,装备,衣服,军官,1,1,4,1,EquipBase,在背包双击可以装备。（可在背包进化）,
120472,极※YOYO的防弹裤·山,装备,裤子,军官,1,1,4,1,EquipBase,在背包双击可以装备。（可在背包进化）,
120473,极※YOYO的高能手套·山,装备,手套,军官,1,1,4,1,EquipBase,在背包双击可以装备。（可在背包进化）,
120474,极※YOYO的防火鞋·山,装备,鞋子,军官,1,1,4,1,EquipBase,在背包双击可以装备。（可在背包进化）,
120475,尊※YOYO的防弹背心·山,装备,衣服,军官,1,1,4,1,EquipBase,在背包双击可以装备。（可在背包进化）,
120476,尊※YOYO的防弹裤·山,装备,裤子,军官,1,1,4,1,EquipBase,在背包双击可以装备。（可在背包进化）,
120477,尊※YOYO的高能手套·山,装备,手套,军官,1,1,4,1,EquipBase,在背包双击可以装备。（可在背包进化）,
120478,尊※YOYO的防火鞋·山,装备,鞋子,军官,1,1,4,1,EquipBase,在背包双击可以装备。（可在背包进化）,
120479,王※YOYO的防弹背心·山,装备,衣服,军官,1,1,4,1,EquipBase,在背包双击可以装备。（可在背包进化）,
120480,王※YOYO的防弹裤·山,装备,裤子,军官,1,1,4,1,EquipBase,在背包双击可以装备。（可在背包进化）,
120481,王※YOYO的高能手套·山,装备,手套,军官,1,1,4,1,EquipBase,在背包双击可以装备。（可在背包进化）,
120482,王※YOYO的防火鞋·山,装备,鞋子,军官,1,1,4,1,EquipBase,在背包双击可以装备。（可在背包进化）,
120483,皇※YOYO的防弹背心·山,装备,衣服,军官,1,1,4,1,EquipBase,在背包双击可以装备。（可在背包进化）,
120484,皇※YOYO的防弹裤·山,装备,裤子,军官,1,1,4,1,EquipBase,在背包双击可以装备。（可在背包进化）,
120485,皇※YOYO的高能手套·山,装备,手套,军官,1,1,4,1,EquipBase,在背包双击可以装备。（可在背包进化）,
120486,皇※YOYO的防火鞋·山,装备,鞋子,军官,1,1,4,1,EquipBase,在背包双击可以装备。（可在背包进化）,
120487,生者必灭衣·山,装备,衣服,军官,1,1,4,1,EquipBase,在背包双击可以装备。（可在背包进化）,
120488,生者必灭裤·山,装备,裤子,军官,1,1,4,1,EquipBase,在背包双击可以装备。（可在背包进化）,
120489,生者必灭手·山,装备,手套,军官,1,1,4,1,EquipBase,在背包双击可以装备。（可在背包进化）,
120490,生者必灭鞋·山,装备,鞋子,军官,1,1,4,1,EquipBase,在背包双击可以装备。（可在背包进化）,
120491,影※生者必灭衣·山,装备,衣服,军官,1,1,4,1,EquipBase,在背包双击可以装备。（可在背包进化）,
120492,影※生者必灭裤·山,装备,裤子,军官,1,1,4,1,EquipBase,在背包双击可以装备。（可在背包进化）,
120493,影※生者必灭手·山,装备,手套,军官,1,1,4,1,EquipBase,在背包双击可以装备。（可在背包进化）,
120494,影※生者必灭鞋·山,装备,鞋子,军官,1,1,4,1,EquipBase,在背包双击可以装备。（可在背包进化）,
120495,YOYO的防弹背心·林,装备,衣服,护士,3,1,4,1,EquipBase,在背包双击可以装备。（可在背包进化）,
120496,YOYO的防弹裤·林,装备,裤子,护士,3,1,4,1,EquipBase,在背包双击可以装备。（可在背包进化）,
120497,YOYO的高能手套·林,装备,手套,护士,3,1,4,1,EquipBase,在背包双击可以装备。（可在背包进化）,
120498,YOYO的防火鞋·林,装备,鞋子,护士,3,1,4,1,EquipBase,在背包双击可以装备。（可在背包进化）,
120499,改※YOYO的防弹背心·林,装备,衣服,护士,3,1,4,1,EquipBase,在背包双击可以装备。（可在背包进化）,
120500,改※YOYO的防弹裤·林,装备,裤子,护士,3,1,4,1,EquipBase,在背包双击可以装备。（可在背包进化）,
120501,改※YOYO的高能手套·林,装备,手套,护士,3,1,4,1,EquipBase,在背包双击可以装备。（可在背包进化）,
120502,改※YOYO的防火鞋·林,装备,鞋子,护士,3,1,4,1,EquipBase,在背包双击可以装备。（可在背包进化）,
120503,极※YOYO的防弹背心·林,装备,衣服,护士,3,1,4,1,EquipBase,在背包双击可以装备。（可在背包进化）,
120504,极※YOYO的防弹裤·林,装备,裤子,护士,3,1,4,1,EquipBase,在背包双击可以装备。（可在背包进化）,
120505,极※YOYO的高能手套·林,装备,手套,护士,3,1,4,1,EquipBase,在背包双击可以装备。（可在背包进化）,
120506,极※YOYO的防火鞋·林,装备,鞋子,护士,3,1,4,1,EquipBase,在背包双击可以装备。（可在背包进化）,
120507,尊※YOYO的防弹背心·林,装备,衣服,护士,3,1,4,1,EquipBase,在背包双击可以装备。（可在背包进化）,
120508,尊※YOYO的防弹裤·林,装备,裤子,护士,3,1,4,1,EquipBase,在背包双击可以装备。（可在背包进化）,
120509,尊※YOYO的高能手套·林,装备,手套,护士,3,1,4,1,EquipBase,在背包双击可以装备。（可在背包进化）,
120510,尊※YOYO的防火鞋·林,装备,鞋子,护士,3,1,4,1,EquipBase,在背包双击可以装备。（可在背包进化）,
120511,王※YOYO的防弹背心·林,装备,衣服,护士,3,1,4,1,EquipBase,在背包双击可以装备。（可在背包进化）,
120512,王※YOYO的防弹裤·林,装备,裤子,护士,3,1,4,1,EquipBase,在背包双击可以装备。（可在背包进化）,
120513,王※YOYO的高能手套·林,装备,手套,护士,3,1,4,1,EquipBase,在背包双击可以装备。（可在背包进化）,
120514,王※YOYO的防火鞋·林,装备,鞋子,护士,3,1,4,1,EquipBase,在背包双击可以装备。（可在背包进化）,
120515,皇※YOYO的防弹背心·林,装备,衣服,护士,3,1,4,1,EquipBase,在背包双击可以装备。（可在背包进化）,
120516,皇※YOYO的防弹裤·林,装备,裤子,护士,3,1,4,1,EquipBase,在背包双击可以装备。（可在背包进化）,
120517,皇※YOYO的高能手套·林,装备,手套,护士,3,1,4,1,EquipBase,在背包双击可以装备。（可在背包进化）,
120518,皇※YOYO的防火鞋·林,装备,鞋子,护士,3,1,4,1,EquipBase,在背包双击可以装备。（可在背包进化）,
120519,生者必灭衣·林,装备,衣服,护士,3,1,4,1,EquipBase,在背包双击可以装备。（可在背包进化）,
120520,生者必灭裤·林,装备,裤子,护士,3,1,4,1,EquipBase,在背包双击可以装备。（可在背包进化）,
120521,生者必灭手·林,装备,手套,护士,3,1,4,1,EquipBase,在背包双击可以装备。（可在背包进化）,
120522,生者必灭鞋·林,装备,鞋子,护士,3,1,4,1,EquipBase,在背包双击可以装备。（可在背包进化）,
120523,影※生者必灭衣·林,装备,衣服,护士,3,1,4,1,EquipBase,在背包双击可以装备。（可在背包进化）,
120524,影※生者必灭裤·林,装备,裤子,护士,3,1,4,1,EquipBase,在背包双击可以装备。（可在背包进化）,
120525,影※生者必灭手·林,装备,手套,护士,3,1,4,1,EquipBase,在背包双击可以装备。（可在背包进化）,
120526,影※生者必灭鞋·林,装备,鞋子,护士,3,1,4,1,EquipBase,在背包双击可以装备。（可在背包进化）,
120527,限量版女神鞭·风,装备,武器,运动员,2,1,4,1,EquipBase,在背包双击可以装备。（可在背包进化）,
120528,限量版扫帚·风,装备,武器,运动员,2,1,4,1,EquipBase,在背包双击可以装备。（可在背包进化）,
120529,限量版板砖·风,装备,武器,运动员,2,1,4,1,EquipBase,在背包双击可以装备。（可在背包进化）,
120530,限量版冰激淋·风,装备,武器,运动员,2,1,4,1,EquipBase,在背包双击可以装备。（可在背包进化）,
120531,限量版辣椒水·风,装备,武器,运动员,2,1,4,1,EquipBase,在背包双击可以装备。（可在背包进化）,
120532,限量版苍蝇拍·风,装备,武器,运动员,2,1,4,1,EquipBase,在背包双击可以装备。（可在背包进化）,
120533,限量版神秘炸弹·风,装备,武器,运动员,2,1,4,1,EquipBase,在背包双击可以装备。（可在背包进化）,
120534,限量版猫抓·风,装备,武器,运动员,2,1,4,1,EquipBase,在背包双击可以装备。（可在背包进化）,
120535,限量版神剑·风,装备,武器,运动员,2,1,4,1,EquipBase,在背包双击可以装备。（可在背包进化）,
120536,限量版女神鞭·火,装备,武器,超能力,4,1,4,1,EquipBase,在背包双击可以装备。（可在背包进化）,
120537,限量版扫帚·火,装备,武器,超能力,4,1,4,1,EquipBase,在背包双击可以装备。（可在背包进化）,
120538,限量版板砖·火,装备,武器,超能力,4,1,4,1,EquipBase,在背包双击可以装备。（可在背包进化）,
120539,限量版冰激淋·火,装备,武器,超能力,4,1,4,1,EquipBase,在背包双击可以装备。（可在背包进化）,
120540,限量版辣椒水·火,装备,武器,超能力,4,1,4,1,EquipBase,在背包双击可以装备。（可在背包进化）,
120541,限量版苍蝇拍·火,装备,武器,超能力,4,1,4,1,EquipBase,在背包双击可以装备。（可在背包进化）,
120542,限量版神秘炸弹·火,装备,武器,超能力,4,1,4,1,EquipBase,在背包双击可以装备。（可在背包进化）,
120543,限量版猫抓·火,装备,武器,超能力,4,1,4,1,EquipBase,在背包双击可以装备。（可在背包进化）,
120544,限量版神剑·火,装备,武器,超能力,4,1,4,1,EquipBase,在背包双击可以装备。（可在背包进化）,
120545,限量版女神鞭·山,装备,武器,军官,1,1,4,1,EquipBase,在背包双击可以装备。（可在背包进化）,
120546,限量版扫帚·山,装备,武器,军官,1,1,4,1,EquipBase,在背包双击可以装备。（可在背包进化）,
120547,限量版板砖·山,装备,武器,军官,1,1,4,1,EquipBase,在背包双击可以装备。（可在背包进化）,
120548,限量版冰激淋·山,装备,武器,军官,1,1,4,1,EquipBase,在背包双击可以装备。（可在背包进化）,
120549,限量版辣椒水·山,装备,武器,军官,1,1,4,1,EquipBase,在背包双击可以装备。（可在背包进化）,
120550,限量版苍蝇拍·山,装备,武器,军官,1,1,4,1,EquipBase,在背包双击可以装备。（可在背包进化）,
120551,限量版神秘炸弹·山,装备,武器,军官,1,1,4,1,EquipBase,在背包双击可以装备。（可在背包进化）,
120552,限量版猫抓·山,装备,武器,军官,1,1,4,1,EquipBase,在背包双击可以装备。（可在背包进化）,
120553,限量版神剑·山,装备,武器,军官,1,1,4,1,EquipBase,在背包双击可以装备。（可在背包进化）,
120554,限量版女神鞭·林,装备,武器,护士,3,1,4,1,EquipBase,在背包双击可以装备。（可在背包进化）,
120555,限量版扫帚·林,装备,武器,护士,3,1,4,1,EquipBase,在背包双击可以装备。（可在背包进化）,
120556,限量版板砖·林,装备,武器,护士,3,1,4,1,EquipBase,在背包双击可以装备。（可在背包进化）,
120557,限量版冰激淋·林,装备,武器,护士,3,1,4,1,EquipBase,在背包双击可以装备。（可在背包进化）,
120558,限量版辣椒水·林,装备,武器,护士,3,1,4,1,EquipBase,在背包双击可以装备。（可在背包进化）,
120559,限量版苍蝇拍·林,装备,武器,护士,3,1,4,1,EquipBase,在背包双击可以装备。（可在背包进化）,
120560,限量版神秘炸弹·林,装备,武器,护士,3,1,4,1,EquipBase,在背包双击可以装备。（可在背包进化）,
120561,限量版猫抓·林,装备,武器,护士,3,1,4,1,EquipBase,在背包双击可以装备。（可在背包进化）,
120562,限量版神剑·林,装备,武器,护士,3,1,4,1,EquipBase,在背包双击可以装备。（可在背包进化）,
120563,贪婪者项链,装备,项链,通用,0,1,3,1,EquipBase,在背包双击可以装备。（可在装备合成大师合成）,
120564,初斗者专用项链,装备,项链,通用,0,1,3,1,EquipBase,在背包双击可以装备。（可在装备合成大师合成）,
120565,好斗者常用项链,装备,项链,通用,0,1,3,1,EquipBase,在背包双击可以装备。（可在装备合成大师合成）,
120566,影杀炼狱项链,装备,项链,通用,0,1,3,1,EquipBase,在背包双击可以装备。（可在装备合成大师合成）,
120567,远古幻影项链,装备,项链,通用,0,1,3,1,EquipBase,在背包双击可以装备。（可在装备合成大师合成）,
120568,遗忘水晶项链,装备,项链,通用,0,1,3,1,EquipBase,在背包双击可以装备。（可在装备合成大师合成）,
120569,堕落水晶项链,装备,项链,通用,0,1,3,1,EquipBase,在背包双击可以装备。（可在装备合成大师合成）,
120570,梦幻水晶项链,装备,项链,通用,0,1,3,1,EquipBase,在背包双击可以装备。（可在装备合成大师合成）,
120571,致命之蓝宝石项坠,装备,项链,通用,0,1,3,1,EquipBase,在背包双击可以装备。（可在装备合成大师合成）,
120572,火魁之歌项链,装备,项链,通用,0,1,3,1,EquipBase,在背包双击可以装备。（可在装备合成大师合成）,
120573,巨魂项链,装备,项链,通用,0,1,3,1,EquipBase,在背包双击可以装备。（可在装备合成大师合成）,
120574,武动之魂项链,装备,项链,通用,0,1,3,1,EquipBase,在背包双击可以装备。（可在装备合成大师合成）,
120575,暴雪项链,装备,项链,通用,0,1,3,1,EquipBase,在背包双击可以装备。（可在装备合成大师合成）,
120576,执行者的刺杀项链,装备,项链,通用,0,1,3,1,EquipBase,在背包双击可以装备。（可在装备合成大师合成）,
120577,风华绝世之坠,装备,项链,通用,0,1,3,1,EquipBase,在背包双击可以装备。（可在装备合成大师合成）,
120578,贪食之影,装备,项链,通用,0,1,3,1,EquipBase,在背包双击可以装备。（可在装备合成大师合成）,
120579,世界守护者项链,装备,项链,通用,0,1,4,1,EquipBase,在背包双击可以装备。（可在背包进化）,
120580,奇·世界守护者项链,装备,项链,通用,0,1,4,1,EquipBase,在背包双击可以装备。,
120581,爱,装备,帽子,通用,0,1,4,1,EquipBase,新手装备，出售给商城可以获得10元宝。,
120582,是,装备,衣服,通用,0,1,4,1,EquipBase,新手装备，出售给商城可以获得20元宝。,
120583,一,装备,裤子,通用,0,1,4,1,EquipBase,新手装备，出售给商城可以获得30元宝。,
120584,道,装备,手套,通用,0,1,4,1,EquipBase,新手装备，出售给商城可以获得40元宝。,
120585,光,装备,鞋子,通用,0,1,4,1,EquipBase,新手装备，出售给商城可以获得50元宝。,
120586,马桶塞·风,装备,武器,运动员,2,1,4,1,EquipBase,新手装备，虽然看起来很拉风，可是战斗力却差强人意，但传说可以进化为稀世武器。（可在背包进化）,
120587,马桶塞·火,装备,武器,超能力,4,1,4,1,EquipBase,新手装备，虽然看起来很拉风，可是战斗力却差强人意，但传说可以进化为稀世武器。（可在背包进化）,
120588,马桶塞·山,装备,武器,军官,1,1,4,1,EquipBase,新手装备，虽然看起来很拉风，可是战斗力却差强人意，但传说可以进化为稀世武器。（可在背包进化）,
120589,马桶塞·林,装备,武器,护士,3,1,4,1,EquipBase,新手装备，虽然看起来很拉风，可是战斗力却差强人意，但传说可以进化为稀世武器。（可在背包进化）,
120590,一阶※马桶塞·风,装备,武器,运动员,2,1,4,1,EquipBase,进化版马桶塞，名字唬人，战斗力变得强了。（可在背包进化）,
120591,一阶※马桶塞·火,装备,武器,超能力,4,1,4,1,EquipBase,进化版马桶塞，名字唬人，战斗力变得强了。（可在背包进化）,
120592,一阶※马桶塞·山,装备,武器,军官,1,1,4,1,EquipBase,进化版马桶塞，名字唬人，战斗力变得强了。（可在背包进化）,
120593,一阶※马桶塞·林,装备,武器,护士,3,1,4,1,EquipBase,进化版马桶塞，名字唬人，战斗力变得强了。（可在背包进化）,
120594,篮球宝贝,装备,形象,通用,0,200,4,1,EquipBase,在背包双击可以装备。（可在背包进化）,
120595,真·篮球宝贝,装备,形象,通用,0,200,4,1,EquipBase,在背包双击可以装备。（可在背包进化）,
120596,超女萝莉,装备,形象,通用,0,200,4,1,EquipBase,在背包双击可以装备。（可在背包进化）,
120597,真·超女萝莉,装备,形象,通用,0,200,4,1,EquipBase,在背包双击可以装备。（可在背包进化）,
120598,性感天使,装备,形象,通用,0,200,4,1,EquipBase,在背包双击可以装备。（可在背包进化）,
120599,真·性感天使,装备,形象,通用,0,200,4,1,EquipBase,在背包双击可以装备。（可在背包进化）,
120600,红衣舞女,装备,形象,通用,0,200,4,1,EquipBase,在背包双击可以装备。（可在背包进化）,
120601,真·红衣舞女,装备,形象,通用,0,200,4,1,EquipBase,在背包双击可以装备。（可在背包进化）,
120602,霸王花,装备,形象,通用,0,200,4,1,EquipBase,在背包双击可以装备。（可在背包进化）,
120603,真·霸王花,装备,形象,通用,0,200,4,1,EquipBase,在背包双击可以装备。（可在背包进化）,
120604,足球小将,装备,形象,通用,0,200,4,1,EquipBase,在背包双击可以装备。（可在背包进化）,
120605,真·足球小将,装备,形象,通用,0,200,4,1,EquipBase,在背包双击可以装备。（可在背包进化）,
120606,留一刀,装备,形象,通用,0,200,4,1,EquipBase,在背包双击可以装备。（可在背包进化）,
120607,真·留一刀,装备,形象,通用,0,200,4,1,EquipBase,在背包双击可以装备。（可在背包进化）,
120608,赌王九命,装备,形象,通用,0,200,4,1,EquipBase,在背包双击可以装备。（可在背包进化）,
120609,真·赌王九命,装备,形象,通用,0,200,4,1,EquipBase,在背包双击可以装备。（可在背包进化）,
120610,蝙蝠侠,装备,形象,通用,0,200,4,1,EquipBase,在背包双击可以装备。（可在背包进化）,
120611,真·蝙蝠侠,装备,形象,通用,0,200,4,1,EquipBase,在背包双击可以装备。（可在背包进化）,
120612,黑衣军官,装备,形象,通用,0,200,4,1,EquipBase,在背包双击可以装备。（可在背包进化）,
120613,真·黑衣军官,装备,形象,通用,0,200,4,1,EquipBase,在背包双击可以装备。（可在背包进化）,
120614,丝袜春丽,装备,形象,通用,0,200,4,1,EquipBase,在背包双击可以装备。（可在背包进化）,
120615,真·丝袜春丽,装备,形象,通用,0,200,4,1,EquipBase,在背包双击可以装备。（可在背包进化）,
120616,月亮萝莉,装备,形象,通用,0,200,4,1,EquipBase,在背包双击可以装备。（可在背包进化）,
120617,真·月亮萝莉,装备,形象,通用,0,200,4,1,EquipBase,在背包双击可以装备。（可在背包进化）,
120618,美少女战士,装备,形象,通用,0,200,4,1,EquipBase,在背包双击可以装备。（可在背包进化）,
120619,真·美少女战士,装备,形象,通用,0,200,4,1,EquipBase,在背包双击可以装备。（可在背包进化）,
120620,绷带凌波丽,装备,形象,通用,0,200,4,1,EquipBase,在背包双击可以装备。（可在背包进化）,
120621,真·绷带凌波丽,装备,形象,通用,0,200,4,1,EquipBase,在背包双击可以装备。（可在背包进化）,
120622,不死星矢,装备,形象,通用,0,200,4,1,EquipBase,在背包双击可以装备。（可在背包进化）,
120623,真·不死星矢,装备,形象,通用,0,200,4,1,EquipBase,在背包双击可以装备。（可在背包进化）,
120624,街霸隆,装备,形象,通用,0,200,4,1,EquipBase,在背包双击可以装备。（可在背包进化）,
120625,真·街霸隆,装备,形象,通用,0,200,4,1,EquipBase,在背包双击可以装备。（可在背包进化）,
120626,超级里昂,装备,形象,通用,0,200,4,1,EquipBase,在背包双击可以装备。（可在背包进化）,
120627,真·超级里昂,装备,形象,通用,0,200,4,1,EquipBase,在背包双击可以装备。（可在背包进化）,
120628,环球小姐,装备,形象,通用,0,200,4,1,EquipBase,在背包双击可以装备。（可在背包进化）,
120629,真·环球小姐,装备,形象,通用,0,200,4,1,EquipBase,在背包双击可以装备。（可在背包进化）,
120630,魅魔魔理沙,装备,形象,通用,0,500,4,1,EquipBase,在背包双击可以装备。（可在背包进化）,
120631,真·魅魔魔理沙,装备,形象,通用,0,500,4,1,EquipBase,在背包双击可以装备。（可在背包进化）,
120632,安娜金,装备,形象,通用,0,500,4,1,EquipBase,在背包双击可以装备。（可在背包进化）,
120633,真·安娜金,装备,形象,通用,0,500,4,1,EquipBase,在背包双击可以装备。（可在背包进化）,
120634,娜娜,装备,形象,通用,0,500,4,1,EquipBase,在背包双击可以装备。（可在背包进化）,
120635,真·娜娜,装备,形象,通用,0,500,4,1,EquipBase,在背包双击可以装备。（可在背包进化）,
120636,妮露,装备,形象,通用,0,500,4,1,EquipBase,在背包双击可以装备。（可在背包进化）,
120637,真·妮露,装备,形象,通用,0,500,4,1,EquipBase,在背包双击可以装备。（可在背包进化）,
120638,米高积臣,装备,形象,通用,0,500,4,1,EquipBase,在背包双击可以装备。（可在背包进化）,
120639,真·米高积臣,装备,形象,通用,0,500,4,1,EquipBase,在背包双击可以装备。（可在背包进化）,
120640,野性御姐,装备,形象,通用,0,500,4,1,EquipBase,在背包双击可以装备。（可在背包进化）,
120641,真·野性御姐,装备,形象,通用,0,500,4,1,EquipBase,在背包双击可以装备。（可在背包进化）,
120642,大黄蜂,装备,形象,通用,0,1000,4,1,EquipBase,在背包双击可以装备。（可在背包进化）,
120643,奇·大黄蜂,装备,形象,通用,0,1000,4,1,EquipBase,在背包双击可以装备。（可在背包进化）,
120644,十番队长,装备,形象,通用,0,1000,4,1,EquipBase,在背包双击可以装备。（可在背包进化）,
120645,奇·十番队长,装备,形象,通用,0,1000,4,1,EquipBase,在背包双击可以装备。（可在背包进化）,
120646,幻兽麒麟,装备,形象,通用,0,2000,4,1,EquipBase,在背包双击可以装备。（可在背包进化）,
120647,绝·幻兽麒麟,装备,形象,通用,0,2000,4,1,EquipBase,在背包双击可以装备。（可在背包进化）,
120648,擎天柱,装备,形象,通用,0,2000,4,1,EquipBase,在背包双击可以装备。（可在背包进化）,
120649,绝·擎天柱,装备,形象,通用,0,2000,4,1,EquipBase,在背包双击可以装备。（可在背包进化）,
120650,瓦尔基里,装备,形象,通用,0,2000,4,1,EquipBase,在背包双击可以装备。（可在背包进化）,
120651,绝·瓦尔基里,装备,形象,通用,0,2000,4,1,EquipBase,在背包双击可以装备。（可在背包进化）,
120652,光之战士,装备,形象,通用,0,2000,4,1,EquipBase,在背包双击可以装备。（可在背包进化）,
120653,绝·光之战士,装备,形象,通用,0,2000,4,1,EquipBase,在背包双击可以装备。（可在背包进化）,
120654,暗之战士,装备,形象,通用,0,2000,4,1,EquipBase,在背包双击可以装备。（可在背包进化）,
120655,绝·暗之战士,装备,形象,通用,0,2000,4,1,EquipBase,在背包双击可以装备。（可在背包进化）,
120656,魔女伊迪亚,装备,形象,通用,0,2000,4,1,EquipBase,在背包双击可以装备。（可在背包进化）,
120657,真·魔女伊迪亚,装备,形象,通用,0,2000,4,1,EquipBase,在背包双击可以装备。（可在背包进化）,
120658,光与影的主宰,装备,形象,通用,0,3000,4,1,EquipBase,在背包双击可以装备。,
120659,创世女神,装备,形象,通用,0,4000,4,1,EquipBase,在背包双击可以装备。,
120660,毁灭天使,装备,形象,通用,0,4000,4,1,EquipBase,在背包双击可以装备。,
120661,爱与美之神,装备,形象,通用,0,4000,4,1,EquipBase,在背包双击可以装备。,
120662,亚历克斯,装备,形象,通用,0,2000,4,1,EquipBase,在背包双击可以装备。,
120663,露西,装备,形象,通用,0,2000,4,1,EquipBase,在背包双击可以装备。,
120664,乔伊斯,装备,形象,通用,0,2000,4,1,EquipBase,在背包双击可以装备。,
120665,索菲娅,装备,形象,通用,0,2000,4,1,EquipBase,在背包双击可以装备。,
120666,二阶※马桶塞·风,装备,武器,运动员,2,1,4,1,EquipBase,进化版马桶塞，名字唬人，战斗力变得强了。（可在背包进化）,
120667,二阶※马桶塞·火,装备,武器,超能力,4,1,4,1,EquipBase,进化版马桶塞，名字唬人，战斗力变得强了。（可在背包进化）,
120668,二阶※马桶塞·山,装备,武器,军官,1,1,4,1,EquipBase,进化版马桶塞，名字唬人，战斗力变得强了。（可在背包进化）,
120669,二阶※马桶塞·林,装备,武器,护士,3,1,4,1,EquipBase,进化版马桶塞，名字唬人，战斗力变得强了。（可在背包进化）,
120670,三阶※马桶塞·风,装备,武器,运动员,2,1,4,1,EquipBase,进化版马桶塞，名字唬人，战斗力变得强了。（可在背包进化）,
120671,三阶※马桶塞·火,装备,武器,超能力,4,1,4,1,EquipBase,进化版马桶塞，名字唬人，战斗力变得强了。（可在背包进化）,
120672,三阶※马桶塞·山,装备,武器,军官,1,1,4,1,EquipBase,进化版马桶塞，名字唬人，战斗力变得强了。（可在背包进化）,
120673,三阶※马桶塞·林,装备,武器,护士,3,1,4,1,EquipBase,进化版马桶塞，名字唬人，战斗力变得强了。（可在背包进化）,
120674,四阶※马桶塞·风,装备,武器,运动员,2,1,4,1,EquipBase,进化版马桶塞，名字唬人，战斗力变得强了。（可在背包进化）,
120675,四阶※马桶塞·火,装备,武器,超能力,4,1,4,1,EquipBase,进化版马桶塞，名字唬人，战斗力变得强了。（可在背包进化）,
120676,四阶※马桶塞·山,装备,武器,军官,1,1,4,1,EquipBase,进化版马桶塞，名字唬人，战斗力变得强了。（可在背包进化）,
120677,四阶※马桶塞·林,装备,武器,护士,3,1,4,1,EquipBase,进化版马桶塞，名字唬人，战斗力变得强了。（可在背包进化）,
120678,五阶※马桶塞·风,装备,武器,运动员,2,1,4,1,EquipBase,进化版马桶塞，名字唬人，战斗力变得强了。（可在背包进化）,
120679,五阶※马桶塞·火,装备,武器,超能力,4,1,4,1,EquipBase,进化版马桶塞，名字唬人，战斗力变得强了。（可在背包进化）,
120680,五阶※马桶塞·山,装备,武器,军官,1,1,4,1,EquipBase,进化版马桶塞，名字唬人，战斗力变得强了。（可在背包进化）,
120681,五阶※马桶塞·林,装备,武器,护士,3,1,4,1,EquipBase,进化版马桶塞，名字唬人，战斗力变得强了。（可在背包进化）,
120682,六阶※马桶塞·风,装备,武器,运动员,2,1,4,1,EquipBase,进化版马桶塞，名字唬人，战斗力变得强了。（可在背包进化）,
120683,六阶※马桶塞·火,装备,武器,超能力,4,1,4,1,EquipBase,进化版马桶塞，名字唬人，战斗力变得强了。（可在背包进化）,
120684,六阶※马桶塞·山,装备,武器,军官,1,1,4,1,EquipBase,进化版马桶塞，名字唬人，战斗力变得强了。（可在背包进化）,
120685,六阶※马桶塞·林,装备,武器,护士,3,1,4,1,EquipBase,进化版马桶塞，名字唬人，战斗力变得强了。（可在背包进化）,
120686,七阶※马桶塞·风,装备,武器,运动员,2,1,4,1,EquipBase,进化版马桶塞，名字唬人，战斗力变得强了。（可在背包进化）,
120687,七阶※马桶塞·火,装备,武器,超能力,4,1,4,1,EquipBase,进化版马桶塞，名字唬人，战斗力变得强了。（可在背包进化）,
120688,七阶※马桶塞·山,装备,武器,军官,1,1,4,1,EquipBase,进化版马桶塞，名字唬人，战斗力变得强了。（可在背包进化）,
120689,七阶※马桶塞·林,装备,武器,护士,3,1,4,1,EquipBase,进化版马桶塞，名字唬人，战斗力变得强了。（可在背包进化）,
120690,八阶※马桶塞·风,装备,武器,运动员,2,1,4,1,EquipBase,进化版马桶塞，名字唬人，战斗力变得强了。（可在背包进化）,
120691,八阶※马桶塞·火,装备,武器,超能力,4,1,4,1,EquipBase,进化版马桶塞，名字唬人，战斗力变得强了。（可在背包进化）,
120692,八阶※马桶塞·山,装备,武器,军官,1,1,4,1,EquipBase,进化版马桶塞，名字唬人，战斗力变得强了。（可在背包进化）,
120693,八阶※马桶塞·林,装备,武器,护士,3,1,4,1,EquipBase,进化版马桶塞，名字唬人，战斗力变得强了。（可在背包进化）,
120694,九阶※马桶塞·风,装备,武器,运动员,2,1,4,1,EquipBase,进化版马桶塞，名字唬人，战斗力变得强了。（可在背包进化）,
120695,九阶※马桶塞·火,装备,武器,超能力,4,1,4,1,EquipBase,进化版马桶塞，名字唬人，战斗力变得强了。（可在背包进化）,
120696,九阶※马桶塞·山,装备,武器,军官,1,1,4,1,EquipBase,进化版马桶塞，名字唬人，战斗力变得强了。（可在背包进化）,
120697,九阶※马桶塞·林,装备,武器,护士,3,1,4,1,EquipBase,进化版马桶塞，名字唬人，战斗力变得强了。（可在背包进化）,
120698,十阶※马桶塞·风,装备,武器,运动员,2,1,4,1,EquipBase,进化版马桶塞，名字唬人，战斗力变得强了。（可在背包进化）,
120699,十阶※马桶塞·火,装备,武器,超能力,4,1,4,1,EquipBase,进化版马桶塞，名字唬人，战斗力变得强了。（可在背包进化）,
120700,十阶※马桶塞·山,装备,武器,军官,1,1,4,1,EquipBase,进化版马桶塞，名字唬人，战斗力变得强了。（可在背包进化）,
120701,十阶※马桶塞·林,装备,武器,护士,3,1,4,1,EquipBase,进化版马桶塞，名字唬人，战斗力变得强了。（可在背包进化）,
120702,十一阶※马桶塞·风,装备,武器,运动员,2,1,4,1,EquipBase,进化版马桶塞，名字唬人，战斗力变得强了。（可在背包进化）,
120703,十一阶※马桶塞·火,装备,武器,超能力,4,1,4,1,EquipBase,进化版马桶塞，名字唬人，战斗力变得强了。（可在背包进化）,
120704,十一阶※马桶塞·山,装备,武器,军官,1,1,4,1,EquipBase,进化版马桶塞，名字唬人，战斗力变得强了。（可在背包进化）,
120705,十一阶※马桶塞·林,装备,武器,护士,3,1,4,1,EquipBase,进化版马桶塞，名字唬人，战斗力变得强了。（可在背包进化）,
120706,练习针筒,装备,武器,护士,3,10,2,1,EquipBase,在背包双击可以装备。,
120707,刁蛮针筒,装备,武器,护士,3,100,2,1,EquipBase,在背包双击可以装备。,
120708,羁绊针筒,装备,武器,护士,3,500,2,1,EquipBase,在背包双击可以装备。,
120709,奇迹制造者,装备,武器,护士,3,1000,2,1,EquipBase,在背包双击可以装备。,
120710,天上·祭祀,装备,武器,护士,3,2000,3,1,EquipBase,在背包双击可以装备。,
120711,天下·闪灵,装备,武器,护士,3,3000,4,1,EquipBase,在背包双击可以装备。,
120712,天地·神怒,装备,武器,护士,3,4000,3,1,EquipBase,在背包双击可以装备。,
120713,无双·天启,装备,武器,护士,3,5000,3,1,EquipBase,在背包双击可以装备。,
120714,练习墨镜,装备,武器,超能力,4,10,2,1,EquipBase,在背包双击可以装备。,
120715,刁蛮墨镜,装备,武器,超能力,4,100,2,1,EquipBase,在背包双击可以装备。,
120716,透视眼镜,装备,武器,超能力,4,500,2,1,EquipBase,在背包双击可以装备。,
120717,泯灭之镜,装备,武器,超能力,4,1000,2,1,EquipBase,在背包双击可以装备。,
120718,天上·狰狞,装备,武器,超能力,4,2000,3,1,EquipBase,在背包双击可以装备。,
120719,天下·独裁,装备,武器,超能力,4,3000,4,1,EquipBase,在背包双击可以装备。,
120720,天地·毁灭公爵,装备,武器,超能力,4,4000,3,1,EquipBase,在背包双击可以装备。,
120721,无双·守护天国,装备,武器,超能力,4,5000,3,1,EquipBase,在背包双击可以装备。,
120722,练习手枪,装备,武器,军官,1,10,2,1,EquipBase,在背包双击可以装备。,
120723,刁蛮手枪,装备,武器,军官,1,100,2,1,EquipBase,在背包双击可以装备。,
120724,毒蜂,装备,武器,军官,1,500,2,1,EquipBase,在背包双击可以装备。,
120725,狩猎之王,装备,武器,军官,1,1000,2,1,EquipBase,在背包双击可以装备。,
120726,天上·绝杀,装备,武器,军官,1,2000,3,1,EquipBase,在背包双击可以装备。,
120727,天下·死亡舞步,装备,武器,军官,1,3000,4,1,EquipBase,在背包双击可以装备。,
120728,天地·君威,装备,武器,军官,1,4000,3,1,EquipBase,在背包双击可以装备。,
120729,无双·神悦,装备,武器,军官,1,5000,3,1,EquipBase,在背包双击可以装备。,
120730,练习足球,装备,武器,运动员,2,10,2,1,EquipBase,在背包双击可以装备。,
120731,刁蛮足球,装备,武器,运动员,2,100,2,1,EquipBase,在背包双击可以装备。,
120732,奇迹足球,装备,武器,运动员,2,500,2,1,EquipBase,在背包双击可以装备。,
120733,祈祷,装备,武器,运动员,2,1000,2,1,EquipBase,在背包双击可以装备。,
120734,天上·烈虎,装备,武器,运动员,2,2000,3,1,EquipBase,在背包双击可以装备。,
120735,天下·天命,装备,武器,运动员,2,3000,4,1,EquipBase,在背包双击可以装备。,
120736,天地·惩罚者,装备,武器,运动员,2,4000,3,1,EquipBase,在背包双击可以装备。,
120737,无双·炙火天舞,装备,武器,运动员,2,5000,3,1,EquipBase,在背包双击可以装备。,
120738,练习衬衫,装备,衣服,护士,3,25,2,1,EquipBase,在背包双击可以装备。,
120739,刁蛮衬衫,装备,衣服,护士,3,100,2,1,EquipBase,在背包双击可以装备。,
120740,羁绊衬衫,装备,衣服,护士,3,1100,2,1,EquipBase,在背包双击可以装备。,
120741,天上·圣御,装备,衣服,护士,3,2100,3,1,EquipBase,在背包双击可以装备。,
120742,天下·魂躯,装备,衣服,护士,3,3100,3,1,EquipBase,在背包双击可以装备。,
120743,天地·恶灵,装备,衣服,护士,3,4100,4,1,EquipBase,在背包双击可以装备。,
120744,无双·善御者,装备,衣服,护士,3,5100,3,1,EquipBase,在背包双击可以装备。,
120745,练习上衣,装备,衣服,超能力,4,25,2,1,EquipBase,在背包双击可以装备。,
120746,刁蛮上衣,装备,衣服,超能力,4,100,2,1,EquipBase,在背包双击可以装备。,
120747,异能上衣,装备,衣服,超能力,4,1100,2,1,EquipBase,在背包双击可以装备。,
120748,天上·魔能,装备,衣服,超能力,4,2100,3,1,EquipBase,在背包双击可以装备。,
120749,天下·裂魂,装备,衣服,超能力,4,3100,3,1,EquipBase,在背包双击可以装备。,
120750,天地·霸者,装备,衣服,超能力,4,4100,4,1,EquipBase,在背包双击可以装备。,
120751,无双·战舞天穹,装备,衣服,超能力,4,5100,3,1,EquipBase,在背包双击可以装备。,
120752,练习风衣,装备,衣服,军官,1,25,2,1,EquipBase,在背包双击可以装备。,
120753,刁蛮风衣,装备,衣服,军官,1,100,2,1,EquipBase,在背包双击可以装备。,
120754,黄色风衣,装备,衣服,军官,1,1100,2,1,EquipBase,在背包双击可以装备。,
120755,天上·雕翎,装备,衣服,军官,1,2100,3,1,EquipBase,在背包双击可以装备。,
120756,天下·玄武护魂,装备,衣服,军官,1,3100,3,1,EquipBase,在背包双击可以装备。,
120757,天地·流云,装备,衣服,军官,1,4100,4,1,EquipBase,在背包双击可以装备。,
120758,无双·幻影落凰,装备,衣服,军官,1,5100,3,1,EquipBase,在背包双击可以装备。,
120759,练习运动服,装备,衣服,运动员,2,25,2,1,EquipBase,在背包双击可以装备。,
120760,刁蛮运动服,装备,衣服,运动员,2,100,2,1,EquipBase,在背包双击可以装备。,
120761,羁绊运动服,装备,衣服,运动员,2,1100,2,1,EquipBase,在背包双击可以装备。,
120762,天上·沉息,装备,衣服,运动员,2,2100,3,1,EquipBase,在背包双击可以装备。,
120763,天下·混元,装备,衣服,运动员,2,3100,3,1,EquipBase,在背包双击可以装备。,
120764,天地·暗魅之影,装备,衣服,运动员,2,4100,4,1,EquipBase,在背包双击可以装备。,
120765,无双·武神,装备,衣服,运动员,2,5100,3,1,EquipBase,在背包双击可以装备。,
120766,练习热裤,装备,裤子,护士,3,35,2,1,EquipBase,在背包双击可以装备。,
120767,刁蛮短裙,装备,裤子,护士,3,100,2,1,EquipBase,在背包双击可以装备。,
120768,羁绊短裙,装备,裤子,护士,3,1200,2,1,EquipBase,在背包双击可以装备。,
120769,天上·白马之影,装备,裤子,护士,3,2200,3,1,EquipBase,在背包双击可以装备。,
120770,天下·响尾蛇的诱惑,装备,裤子,护士,3,3200,3,1,EquipBase,在背包双击可以装备。,
120771,天地·克罗姆,装备,裤子,护士,3,4200,4,1,EquipBase,在背包双击可以装备。,
120772,无双·尘封悲鸣,装备,裤子,护士,3,5200,3,1,EquipBase,在背包双击可以装备。,
120773,练习短裤,装备,裤子,超能力,4,35,2,1,EquipBase,在背包双击可以装备。,
120774,刁蛮四角裤,装备,裤子,超能力,4,100,2,1,EquipBase,在背包双击可以装备。,
120775,不知名的黄色短裤,装备,裤子,超能力,4,1200,2,1,EquipBase,在背包双击可以装备。,
120776,天上·原谅裤,装备,裤子,超能力,4,2200,3,1,EquipBase,在背包双击可以装备。,
120777,天下·烽火连城,装备,裤子,超能力,4,3200,3,1,EquipBase,在背包双击可以装备。,
120778,天地·摩羯守护,装备,裤子,超能力,4,4200,4,1,EquipBase,在背包双击可以装备。,
120779,无双·永恒烈焰,装备,裤子,超能力,4,5200,3,1,EquipBase,在背包双击可以装备。,
120780,练习西裤,装备,裤子,军官,1,35,2,1,EquipBase,在背包双击可以装备。,
120781,刁蛮西裤,装备,裤子,军官,1,100,2,1,EquipBase,在背包双击可以装备。,
120782,羁绊西裤,装备,裤子,军官,1,1200,2,1,EquipBase,在背包双击可以装备。,
120783,天上·突击,装备,裤子,军官,1,2200,3,1,EquipBase,在背包双击可以装备。,
120784,天下·稳如磐石,装备,裤子,军官,1,3200,3,1,EquipBase,在背包双击可以装备。,
120785,天地·遗忘者,装备,裤子,军官,1,4200,4,1,EquipBase,在背包双击可以装备。,
120786,无双·武动之魂,装备,裤子,军官,1,5200,3,1,EquipBase,在背包双击可以装备。,
120787,练习运动裤,装备,裤子,运动员,2,35,2,1,EquipBase,在背包双击可以装备。,
120788,刁蛮运动裤,装备,裤子,运动员,2,100,2,1,EquipBase,在背包双击可以装备。,
120789,羁绊运动裤,装备,裤子,运动员,2,1200,2,1,EquipBase,在背包双击可以装备。,
120790,天上·逝魔之暴,装备,裤子,运动员,2,2200,3,1,EquipBase,在背包双击可以装备。,
120791,天下·锦绣丹华,装备,裤子,运动员,2,3200,3,1,EquipBase,在背包双击可以装备。,
120792,天地·影杀炼狱,装备,裤子,运动员,2,4200,4,1,EquipBase,在背包双击可以装备。,
120793,无双·地灵绝魂,装备,裤子,运动员,2,5200,3,1,EquipBase,在背包双击可以装备。,
120794,练习白手套,装备,手套,护士,3,45,2,1,EquipBase,在背包双击可以装备。,
120795,天上·执行者,装备,手套,护士,3,1300,2,1,EquipBase,在背包双击可以装备。,
120796,天下·屠杀之巫,装备,手套,护士,3,2300,3,1,EquipBase,在背包双击可以装备。,
120797,天地·夺魄,装备,手套,护士,3,4300,4,1,EquipBase,在背包双击可以装备。,
120798,无双·回天,装备,手套,护士,3,5300,3,1,EquipBase,在背包双击可以装备。,
120799,练习手套,装备,手套,超能力,4,45,2,1,EquipBase,在背包双击可以装备。,
120800,天上·恩典,装备,手套,超能力,4,1300,2,1,EquipBase,在背包双击可以装备。,
120801,天下·无法者,装备,手套,超能力,4,2300,3,1,EquipBase,在背包双击可以装备。,
120802,天地·真灵,装备,手套,超能力,4,4300,4,1,EquipBase,在背包双击可以装备。,
120803,无双·神之怒击,装备,手套,超能力,4,5300,3,1,EquipBase,在背包双击可以装备。,
120804,练习皮手套,装备,手套,运动员,2,45,2,1,EquipBase,在背包双击可以装备。,
120805,刁蛮皮手套,装备,手套,运动员,2,1300,2,1,EquipBase,在背包双击可以装备。,
120806,天下·释魂,装备,手套,运动员,2,2300,3,1,EquipBase,在背包双击可以装备。,
120807,天地·拳风,装备,手套,运动员,2,4300,4,1,EquipBase,在背包双击可以装备。,
120808,无双·战术之王,装备,手套,运动员,2,5300,3,1,EquipBase,在背包双击可以装备。,
120809,练习黄手套,装备,手套,军官,1,45,2,1,EquipBase,在背包双击可以装备。,
120810,天上·极皇拳套,装备,手套,军官,1,1300,2,1,EquipBase,在背包双击可以装备。,
120811,天下·卑劣肾击者,装备,手套,军官,1,2300,3,1,EquipBase,在背包双击可以装备。,
120812,天地·死亡颂歌,装备,手套,军官,1,4300,4,1,EquipBase,在背包双击可以装备。,
120813,无双·断肠之殇,装备,手套,军官,1,5300,3,1,EquipBase,在背包双击可以装备。,
120814,练习短靴,装备,鞋子,护士,3,55,2,1,EquipBase,在背包双击可以装备。,
120815,刁蛮短靴,装备,鞋子,护士,3,1400,2,1,EquipBase,在背包双击可以装备。,
120816,天上·自然亲和,装备,鞋子,护士,3,2400,2,1,EquipBase,在背包双击可以装备。,
120817,天下·蔷薇,装备,鞋子,护士,3,3400,3,1,EquipBase,在背包双击可以装备。,
120818,天地·羽兽之灵,装备,鞋子,护士,3,4400,4,1,EquipBase,在背包双击可以装备。,
120819,无双·魔蝎守护者,装备,鞋子,护士,3,5400,3,1,EquipBase,在背包双击可以装备。,
120820,练习板鞋,装备,鞋子,超能力,4,55,2,1,EquipBase,在背包双击可以装备。,
120821,刁蛮板鞋,装备,鞋子,超能力,4,1400,2,1,EquipBase,在背包双击可以装备。,
120822,天上·黑色瘟疫,装备,鞋子,超能力,4,2400,2,1,EquipBase,在背包双击可以装备。,
120823,天下·原谅鞋,装备,鞋子,超能力,4,3400,3,1,EquipBase,在背包双击可以装备。,
120824,天地·星云迷踪,装备,鞋子,超能力,4,4400,4,1,EquipBase,在背包双击可以装备。,
120825,无双·禁锢之限,装备,鞋子,超能力,4,5400,3,1,EquipBase,在背包双击可以装备。,
120826,练习皮鞋,装备,鞋子,军官,1,55,2,1,EquipBase,在背包双击可以装备。,
120827,刁蛮皮鞋,装备,鞋子,军官,1,1400,2,1,EquipBase,在背包双击可以装备。,
120828,天上·刺杀者,装备,鞋子,军官,1,2400,2,1,EquipBase,在背包双击可以装备。,
120829,天下·善斗者,装备,鞋子,军官,1,3400,3,1,EquipBase,在背包双击可以装备。,
120830,天地·预言守卫者,装备,鞋子,军官,1,4400,4,1,EquipBase,在背包双击可以装备。,
120831,无双·天马守护,装备,鞋子,军官,1,5400,3,1,EquipBase,在背包双击可以装备。,
120832,练习运动鞋,装备,鞋子,运动员,2,55,2,1,EquipBase,在背包双击可以装备。,
120833,刁蛮运动鞋,装备,鞋子,运动员,2,1400,2,1,EquipBase,在背包双击可以装备。,
120834,天上·夜神探索,装备,鞋子,运动员,2,2400,2,1,EquipBase,在背包双击可以装备。,
120835,天下·霸域英豪,装备,鞋子,运动员,2,3400,3,1,EquipBase,在背包双击可以装备。,
120836,天地·致命逆袭,装备,鞋子,运动员,2,4400,4,1,EquipBase,在背包双击可以装备。,
120837,无双·玄武鸣天,装备,鞋子,运动员,2,5400,3,1,EquipBase,在背包双击可以装备。,
120838,克己,装备,戒指,通用,0,1,4,1,EquipBase,克制和约束自己;严格要求自己。,
120839,守心,装备,戒指,通用,0,1,4,1,EquipBase,守真去其伪去伪存其善，存善望道德大道归于隐。,
120840,明德,装备,戒指,通用,0,1,4,1,EquipBase,古之欲明明德于天下者。,
120841,无欲,装备,戒指,通用,0,1,4,1,EquipBase,得而不喜，失亦不忧。无求，不追求名与利，放下欲望。,
120842,凋零,装备,戒指,通用,0,1,4,1,EquipBase,若枯即是荣，荣即是枯，应荣时凋零，枯时结实也。,
120843,饕餮,装备,戒指,通用,0,1,4,1,EquipBase,浪费食物，或是过度放纵食欲、酗酒或屯积过量的食物，此戒蕴含着无穷力量，同时也可能会带来灾祸，守住本心之人方可自渡。,
120844,淫欲,装备,戒指,通用,0,1,4,1,EquipBase,不合法礼的性欲，此戒蕴含着无穷力量，同时也可能会带来灾祸，守住本心之人方可自渡。,
120845,贪婪,装备,戒指,通用,0,1,4,1,EquipBase,希望占有比所需更多为之贪婪。此戒蕴含着无穷力量，同时也可能会带来灾祸，守住本心之人方可自渡。,
120846,愤怒,装备,戒指,通用,0,1,4,1,EquipBase,因对方所拥有的资产比自己丰富而心怀怨怒，此戒蕴含着无穷力量，同时也可能会带来灾祸，守住本心之人方可自渡。,
120847,嫉妒,装备,戒指,通用,0,1,4,1,EquipBase,源自憎恨而起的不适当(邪恶的)感觉，复仇或否定他人，在律法所赋与的权力以外，行使惩罚他人的意欲亦被归作愤怒。此戒蕴含着无穷力量，同时也可能会带来灾祸，守住本心之人方可自渡。,
120848,懒惰,装备,戒指,通用,0,1,4,1,EquipBase,懒惰被宣告为有罪是因为: 其他人需更努力工作以填补缺失，因应该的事情还没有做好，对自己是百害而无一利，此戒蕴含着无穷力量，同时也可能会带来灾祸，守住本心之人方可自渡。,
120849,傲慢,装备,戒指,通用,0,1,4,1,EquipBase,期望他人注视自己或过度爱好自己，傲慢乃七宗罪之首，此戒蕴含着无穷力量，同时也可能会带来灾祸，守住本心之人方可自渡。,
120850,不朽的王戒,装备,戒指,通用,0,1,4,1,EquipBase,用龙王之血淬炼的古老钻戒，拥有不凡的力量,
120851,十番队长,装备,形象,通用,0,1000,4,1,EquipBase,在背包双击可以装备。（可在背包进化）,
120852,暗之战士,装备,形象,通用,0,2000,4,1,EquipBase,在背包双击可以装备。（可在背包进化）,
120853,富可敌国,装备,称号,通用,0,4000,4,1,EquipBase,绝版称号，不会在以后的活动中出现。,
120854,时之皇冠,装备,帽子,通用,0,1,4,1,EquipBase,使用特殊材料制作，冠以锻造者之名，流传于世间。,
120855,流光,装备,护腕,通用,0,1,1,1,EquipBase,使用特殊材料制作，冠以锻造者之名，流传于世间。,
120856,忘语,装备,戒指,通用,0,1,4,1,EquipBase,使用特殊材料制作，冠以锻造者之名，流传于世间。,
120877,月语,装备,项链,通用,0,1,4,1,EquipBase,使用特殊材料制作，冠以锻造者之名，流传于世间。,
120878,✰黑夜骑士✰,装备,称号,通用,0,1000,4,1,EquipBase,在背包双击可以装备。（可在装备合成大师处进化）,
120879,✰武林高手✰,装备,称号,通用,0,1,4,1,EquipBase,在背包双击可以装备。（可在装备合成大师处进化）,
120880,✰性感女神✰,装备,称号,通用,0,4000,4,1,EquipBase,在背包双击可以装备。（可在装备合成大师处进化）,
120881,✰姐是个神话✰,装备,称号,通用,0,1,4,1,EquipBase,在背包双击可以装备。（可在装备合成大师处进化）,
120882,✰我的心里只有你✰,装备,称号,通用,0,1,4,1,EquipBase,在背包双击可以装备。（可在装备合成大师处进化）,
120883,✰在世小强✰,装备,称号,通用,0,3000,4,1,EquipBase,在背包双击可以装备。（可在装备合成大师处进化）,
120884,✰爷是个传说✰,装备,称号,通用,0,1,4,1,EquipBase,在背包双击可以装备。（可在装备合成大师处进化）,
120885,✰冰山美人✰,装备,称号,通用,0,5000,4,1,EquipBase,在背包双击可以装备。（可在装备合成大师处进化）,
120886,✰BUG毁灭者✰,装备,称号,通用,0,4000,0,1,EquipBase,绝版称号，谨以此称号表达对内侧玩家所做出贡献的崇高敬意。,
120887,✰月光美眉✰,装备,称号,通用,0,1000,4,1,EquipBase,在背包双击可以装备。（可在装备合成大师处进化）,
120888,✰富可敌国✰,装备,称号,通用,0,4000,4,1,EquipBase,绝版称号，不会在以后的活动中出现。,
120889,✰我是新手✰,装备,称号,通用,0,1,4,1,EquipBase,在背包双击可以装备。（可在装备合成大师处进化）,
120890,小星星,装备,背景,通用,0,1,1,1,EquipBase,在背包双击可以装备。（赠品）,
120891,满天繁星,装备,背景,通用,0,1,1,1,EquipBase,在背包双击可以装备。（非卖品）,
120892,热舞气球,装备,背景,通用,0,1,1,1,EquipBase,在背包双击可以装备。（非卖品）,
120893,星光闪闪,装备,背景,通用,0,1,1,1,EquipBase,在背包双击可以装备。（非卖品）,
120894,霓虹灯,装备,背景,通用,0,1,1,1,EquipBase,在背包双击可以装备。（非卖品）,
120895,星夜传说,装备,背景,通用,0,1,1,1,EquipBase,在背包双击可以装备。（非卖品）,
120896,蒲公英,装备,背景,通用,0,1,1,1,EquipBase,在背包双击可以装备。（非卖品）,
120897,四色光,装备,背景,通用,0,1,2,1,EquipBase,在背包双击可以装备。（非卖品）,
120898,午后时光,装备,背景,通用,0,1,2,1,EquipBase,在背包双击可以装备。（非卖品）,
120899,北极光,装备,背景,通用,0,1,3,1,EquipBase,在背包双击可以装备。（非卖品）,
120900,滴血玫瑰,装备,背景,通用,0,1,3,1,EquipBase,在背包双击可以装备。（非卖品）,
120901,光斓,装备,背景,通用,0,1,4,1,EquipBase,在背包双击可以装备。（非卖品）,
120902,蝴蝶花,装备,背景,通用,0,1,4,1,EquipBase,在背包双击可以装备。（非卖品）,
120903,枫叶飘舞,装备,背景,通用,0,1,5,1,EquipBase,在背包双击可以装备。（非卖品）,
120904,河桥,装备,背景,通用,0,1,5,1,EquipBase,在背包双击可以装备。（非卖品）,
120905,节奏跳动,装备,背景,通用,0,1,5,1,EquipBase,在背包双击可以装备。（非卖品）,
120906,橘色旋律,装备,背景,通用,0,1,5,1,EquipBase,在背包双击可以装备。（非卖品）,
120907,雨夜,装备,背景,通用,0,1,5,1,EquipBase,在背包双击可以装备。（非卖品）,
120908,星系,装备,背景,通用,0,1,5,1,EquipBase,在背包双击可以装备。（非卖品）,
120909,樱,装备,背景,通用,0,1,5,1,EquipBase,在背包双击可以装备。（非卖品）,
120910,六道鸣人,装备,形象,通用,0,4000,4,1,EquipBase,在背包双击可以装备。,
120911,六道斑,装备,形象,通用,0,4000,4,1,EquipBase,在背包双击可以装备。,
120912,八门斑,装备,形象,通用,0,4000,4,1,EquipBase,在背包双击可以装备。,
120913,六道带土,装备,形象,通用,0,4000,4,1,EquipBase,在背包双击可以装备。,
120914,斑,装备,形象,通用,0,4000,4,1,EquipBase,在背包双击可以装备。,
120915,柱间,装备,形象,通用,0,4000,4,1,EquipBase,在背包双击可以装备。,
120916,佩恩,装备,形象,通用,0,4000,4,1,EquipBase,在背包双击可以装备。,
120917,自来也,装备,形象,通用,0,4000,4,1,EquipBase,在背包双击可以装备。,
120918,宇智波鼬,装备,形象,通用,0,4000,4,1,EquipBase,在背包双击可以装备。,
120919,咒印佐助,装备,形象,通用,0,4000,4,1,EquipBase,在背包双击可以装备。,
120920,大蛇丸,装备,形象,通用,0,4000,4,1,EquipBase,在背包双击可以装备。,
120921,桃地再不斩,装备,形象,通用,0,4000,4,1,EquipBase,在背包双击可以装备。,
120922,上忍波风水门,装备,形象,通用,0,4000,4,1,EquipBase,在背包双击可以装备。,
120923,少年卡卡西,装备,形象,通用,0,4000,4,1,EquipBase,在背包双击可以装备。,
120924,少年带土,装备,形象,通用,0,4000,4,1,EquipBase,在背包双击可以装备。,
120925,少年鹿丸,装备,形象,通用,0,4000,4,1,EquipBase,在背包双击可以装备。,
120926,少年佐助,装备,形象,通用,0,4000,4,1,EquipBase,在背包双击可以装备。,
120927,少年鸣人,装备,形象,通用,0,4000,4,1,EquipBase,在背包双击可以装备。,
120928,转·练习针筒,装备,武器,护士,3,10,1,1,EquipBase,在背包双击可以装备。（可在装备合成大师处进化）,
120929,转·刁蛮针筒,装备,武器,护士,3,100,1,1,EquipBase,在背包双击可以装备。（可在装备合成大师处进化）,
120930,转·羁绊针筒,装备,武器,护士,3,500,1,1,EquipBase,在背包双击可以装备。（可在装备合成大师处进化）,
120931,转·奇迹制造者,装备,武器,护士,3,1000,1,1,EquipBase,在背包双击可以装备。（可在装备合成大师处进化）,
120932,转·天上·祭祀,装备,武器,护士,3,2000,2,1,EquipBase,在背包双击可以装备。（可在装备合成大师处进化）,
120933,转·天下·闪灵,装备,武器,护士,3,3000,3,1,EquipBase,在背包双击可以装备。（可在装备合成大师处进化）,
120934,转·天地·神怒,装备,武器,护士,3,4000,4,1,EquipBase,在背包双击可以装备。（可在装备合成大师处进化）,
120935,转·无双·天启,装备,武器,护士,3,5000,4,1,EquipBase,在背包双击可以装备。（可在装备合成大师处进化）,
120936,转·练习墨镜,装备,武器,超能力,4,10,1,1,EquipBase,在背包双击可以装备。（可在装备合成大师处进化）,
120937,转·刁蛮墨镜,装备,武器,超能力,4,100,1,1,EquipBase,在背包双击可以装备。（可在装备合成大师处进化）,
120938,转·透视眼镜,装备,武器,超能力,4,500,1,1,EquipBase,在背包双击可以装备。（可在装备合成大师处进化）,
120939,转·泯灭之镜,装备,武器,超能力,4,1000,1,1,EquipBase,在背包双击可以装备。（可在装备合成大师处进化）,
120940,转·天上·狰狞,装备,武器,超能力,4,2000,2,1,EquipBase,在背包双击可以装备。（可在装备合成大师处进化）,
120941,转·天下·独裁,装备,武器,超能力,4,3000,3,1,EquipBase,在背包双击可以装备。（可在装备合成大师处进化）,
120942,转·天地·毁灭公爵,装备,武器,超能力,4,4000,4,1,EquipBase,在背包双击可以装备。（可在装备合成大师处进化）,
120943,转·无双·守护天国,装备,武器,超能力,4,5000,4,1,EquipBase,在背包双击可以装备。（可在装备合成大师处进化）,
120944,转·练习手枪,装备,武器,军官,1,10,1,1,EquipBase,在背包双击可以装备。（可在装备合成大师处进化）,
120945,转·刁蛮手枪,装备,武器,军官,1,100,1,1,EquipBase,在背包双击可以装备。（可在装备合成大师处进化）,
120946,转·毒蜂,装备,武器,军官,1,500,1,1,EquipBase,在背包双击可以装备。（可在装备合成大师处进化）,
120947,转·狩猎之王,装备,武器,军官,1,1000,1,1,EquipBase,在背包双击可以装备。（可在装备合成大师处进化）,
120948,转·天上·绝杀,装备,武器,军官,1,2000,2,1,EquipBase,在背包双击可以装备。（可在装备合成大师处进化）,
120949,转·天下·死亡舞步,装备,武器,军官,1,3000,3,1,EquipBase,在背包双击可以装备。（可在装备合成大师处进化）,
120950,转·天地·君威,装备,武器,军官,1,4000,4,1,EquipBase,在背包双击可以装备。（可在装备合成大师处进化）,
120951,转·无双·神悦,装备,武器,军官,1,5000,4,1,EquipBase,在背包双击可以装备。（可在装备合成大师处进化）,
120952,转·练习足球,装备,武器,运动员,2,10,1,1,EquipBase,在背包双击可以装备。（可在装备合成大师处进化）,
120953,转·刁蛮足球,装备,武器,运动员,2,100,1,1,EquipBase,在背包双击可以装备。（可在装备合成大师处进化）,
120954,转·奇迹足球,装备,武器,运动员,2,500,1,1,EquipBase,在背包双击可以装备。（可在装备合成大师处进化）,
120955,转·祈祷,装备,武器,运动员,2,1000,1,1,EquipBase,在背包双击可以装备。（可在装备合成大师处进化）,
120956,转·天上·烈虎,装备,武器,运动员,2,2000,2,1,EquipBase,在背包双击可以装备。（可在装备合成大师处进化）,
120957,转·天下·天命,装备,武器,运动员,2,3000,3,1,EquipBase,在背包双击可以装备。（可在装备合成大师处进化）,
120958,转·天地·惩罚者,装备,武器,运动员,2,4000,4,1,EquipBase,在背包双击可以装备。（可在装备合成大师处进化）,
120959,转·无双·炙火天舞,装备,武器,运动员,2,5000,4,1,EquipBase,在背包双击可以装备。（可在装备合成大师处进化）,
120960,转·练习衬衫,装备,衣服,护士,3,25,1,1,EquipBase,在背包双击可以装备。（可在装备合成大师处进化）,
120961,转·刁蛮衬衫,装备,衣服,护士,3,100,1,1,EquipBase,在背包双击可以装备。（可在装备合成大师处进化）,
120962,转·羁绊衬衫,装备,衣服,护士,3,1100,1,1,EquipBase,在背包双击可以装备。（可在装备合成大师处进化）,
120963,转·天上·圣御,装备,衣服,护士,3,2100,2,1,EquipBase,在背包双击可以装备。（可在装备合成大师处进化）,
120964,转·天下·魂躯,装备,衣服,护士,3,3100,2,1,EquipBase,在背包双击可以装备。（可在装备合成大师处进化）,
120965,转·天地·恶灵,装备,衣服,护士,3,4100,3,1,EquipBase,在背包双击可以装备。（可在装备合成大师处进化）,
120966,转·无双·善御者,装备,衣服,护士,3,5100,4,1,EquipBase,在背包双击可以装备。（可在装备合成大师处进化）,
120967,转·练习上衣,装备,衣服,超能力,4,25,1,1,EquipBase,在背包双击可以装备。（可在装备合成大师处进化）,
120968,转·刁蛮上衣,装备,衣服,超能力,4,100,1,1,EquipBase,在背包双击可以装备。（可在装备合成大师处进化）,
120969,转·异能上衣,装备,衣服,超能力,4,1100,1,1,EquipBase,在背包双击可以装备。（可在装备合成大师处进化）,
120970,转·天上·魔能,装备,衣服,超能力,4,2100,2,1,EquipBase,在背包双击可以装备。（可在装备合成大师处进化）,
120971,转·天下·裂魂,装备,衣服,超能力,4,3100,2,1,EquipBase,在背包双击可以装备。（可在装备合成大师处进化）,
120972,转·天地·霸者,装备,衣服,超能力,4,4100,3,1,EquipBase,在背包双击可以装备。（可在装备合成大师处进化）,
120973,转·无双·战舞天穹,装备,衣服,超能力,4,5100,4,1,EquipBase,在背包双击可以装备。（可在装备合成大师处进化）,
120974,转·练习风衣,装备,衣服,军官,1,25,1,1,EquipBase,在背包双击可以装备。（可在装备合成大师处进化）,
120975,转·刁蛮风衣,装备,衣服,军官,1,100,1,1,EquipBase,在背包双击可以装备。（可在装备合成大师处进化）,
120976,转·黄色风衣,装备,衣服,军官,1,1100,1,1,EquipBase,在背包双击可以装备。（可在装备合成大师处进化）,
120977,转·天上·雕翎,装备,衣服,军官,1,2100,2,1,EquipBase,在背包双击可以装备。（可在装备合成大师处进化）,
120978,转·天下·玄武护魂,装备,衣服,军官,1,3100,2,1,EquipBase,在背包双击可以装备。（可在装备合成大师处进化）,
120979,转·天地·流云,装备,衣服,军官,1,4100,3,1,EquipBase,在背包双击可以装备。（可在装备合成大师处进化）,
120980,转·无双·幻影落凰,装备,衣服,军官,1,5100,4,1,EquipBase,在背包双击可以装备。（可在装备合成大师处进化）,
120981,转·练习运动服,装备,衣服,运动员,2,25,1,1,EquipBase,在背包双击可以装备。（可在装备合成大师处进化）,
120982,转·刁蛮运动服,装备,衣服,运动员,2,100,1,1,EquipBase,在背包双击可以装备。（可在装备合成大师处进化）,
120983,转·羁绊运动服,装备,衣服,运动员,2,1100,1,1,EquipBase,在背包双击可以装备。（可在装备合成大师处进化）,
120984,转·天上·沉息,装备,衣服,运动员,2,2100,2,1,EquipBase,在背包双击可以装备。（可在装备合成大师处进化）,
120985,转·天下·混元,装备,衣服,运动员,2,3100,2,1,EquipBase,在背包双击可以装备。（可在装备合成大师处进化）,
120986,转·天地·暗魅之影,装备,衣服,运动员,2,4100,3,1,EquipBase,在背包双击可以装备。（可在装备合成大师处进化）,
120987,转·无双·武神,装备,衣服,运动员,2,5100,4,1,EquipBase,在背包双击可以装备。（可在装备合成大师处进化）,
120988,转·练习热裤,装备,裤子,护士,3,35,1,1,EquipBase,在背包双击可以装备。（可在装备合成大师处进化）,
120989,转·刁蛮短裙,装备,裤子,护士,3,100,1,1,EquipBase,在背包双击可以装备。（可在装备合成大师处进化）,
120990,转·羁绊短裙,装备,裤子,护士,3,1200,1,1,EquipBase,在背包双击可以装备。（可在装备合成大师处进化）,
120991,转·天上·白马之影,装备,裤子,护士,3,2200,2,1,EquipBase,在背包双击可以装备。（可在装备合成大师处进化）,
120992,转·天下·响尾蛇的诱惑,装备,裤子,护士,3,3200,2,1,EquipBase,在背包双击可以装备。（可在装备合成大师处进化）,
120993,转·天地·克罗姆,装备,裤子,护士,3,4200,3,1,EquipBase,在背包双击可以装备。（可在装备合成大师处进化）,
120994,转·无双·尘封悲鸣,装备,裤子,护士,3,5200,4,1,EquipBase,在背包双击可以装备。（可在装备合成大师处进化）,
120995,转·练习短裤,装备,裤子,超能力,4,35,1,1,EquipBase,在背包双击可以装备。（可在装备合成大师处进化）,
120996,转·刁蛮四角裤,装备,裤子,超能力,4,100,1,1,EquipBase,在背包双击可以装备。（可在装备合成大师处进化）,
120997,转·不知名的黄色短裤,装备,裤子,超能力,4,1200,1,1,EquipBase,在背包双击可以装备。（可在装备合成大师处进化）,
120998,转·天上·原谅裤,装备,裤子,超能力,4,2200,2,1,EquipBase,在背包双击可以装备。（可在装备合成大师处进化）,
120999,转·天下·烽火连城,装备,裤子,超能力,4,3200,2,1,EquipBase,在背包双击可以装备。（可在装备合成大师处进化）,
121000,转·天地·摩羯守护,装备,裤子,超能力,4,4200,3,1,EquipBase,在背包双击可以装备。（可在装备合成大师处进化）,
121001,转·无双·永恒烈焰,装备,裤子,超能力,4,5200,4,1,EquipBase,在背包双击可以装备。（可在装备合成大师处进化）,
121002,转·练习西裤,装备,裤子,军官,1,35,1,1,EquipBase,在背包双击可以装备。（可在装备合成大师处进化）,
121003,转·刁蛮西裤,装备,裤子,军官,1,100,1,1,EquipBase,在背包双击可以装备。（可在装备合成大师处进化）,
121004,转·羁绊西裤,装备,裤子,军官,1,1200,1,1,EquipBase,在背包双击可以装备。（可在装备合成大师处进化）,
121005,转·天上·突击,装备,裤子,军官,1,2200,2,1,EquipBase,在背包双击可以装备。（可在装备合成大师处进化）,
121006,转·天下·稳如磐石,装备,裤子,军官,1,3200,2,1,EquipBase,在背包双击可以装备。（可在装备合成大师处进化）,
121007,转·天地·遗忘者,装备,裤子,军官,1,4200,3,1,EquipBase,在背包双击可以装备。（可在装备合成大师处进化）,
121008,转·无双·武动之魂,装备,裤子,军官,1,5200,4,1,EquipBase,在背包双击可以装备。（可在装备合成大师处进化）,
121009,转·练习运动裤,装备,裤子,运动员,2,35,1,1,EquipBase,在背包双击可以装备。（可在装备合成大师处进化）,
121010,转·刁蛮运动裤,装备,裤子,运动员,2,100,1,1,EquipBase,在背包双击可以装备。（可在装备合成大师处进化）,
121011,转·羁绊运动裤,装备,裤子,运动员,2,1200,1,1,EquipBase,在背包双击可以装备。（可在装备合成大师处进化）,
121012,转·天上·逝魔之暴,装备,裤子,运动员,2,2200,2,1,EquipBase,在背包双击可以装备。（可在装备合成大师处进化）,
121013,转·天下·锦绣丹华,装备,裤子,运动员,2,3200,2,1,EquipBase,在背包双击可以装备。（可在装备合成大师处进化）,
121014,转·天地·影杀炼狱,装备,裤子,运动员,2,4200,3,1,EquipBase,在背包双击可以装备。（可在装备合成大师处进化）,
121015,转·无双·地灵绝魂,装备,裤子,运动员,2,5200,4,1,EquipBase,在背包双击可以装备。（可在装备合成大师处进化）,
121016,转·练习白手套,装备,手套,护士,3,45,1,1,EquipBase,在背包双击可以装备。（可在装备合成大师处进化）,
121017,转·天上·执行者,装备,手套,护士,3,1300,1,1,EquipBase,在背包双击可以装备。（可在装备合成大师处进化）,
121018,转·天下·屠杀之巫,装备,手套,护士,3,2300,2,1,EquipBase,在背包双击可以装备。（可在装备合成大师处进化）,
121019,转·天地·夺魄,装备,手套,护士,3,4300,3,1,EquipBase,在背包双击可以装备。（可在装备合成大师处进化）,
121020,转·无双·回天,装备,手套,护士,3,5300,4,1,EquipBase,在背包双击可以装备。（可在装备合成大师处进化）,
121021,转·练习手套,装备,手套,超能力,4,45,1,1,EquipBase,在背包双击可以装备。（可在装备合成大师处进化）,
121022,转·天上·恩典,装备,手套,超能力,4,1300,1,1,EquipBase,在背包双击可以装备。（可在装备合成大师处进化）,
121023,转·天下·无法者,装备,手套,超能力,4,2300,2,1,EquipBase,在背包双击可以装备。（可在装备合成大师处进化）,
121024,转·天地·真灵,装备,手套,超能力,4,4300,3,1,EquipBase,在背包双击可以装备。（可在装备合成大师处进化）,
121025,转·无双·神之怒击,装备,手套,超能力,4,5300,4,1,EquipBase,在背包双击可以装备。（可在装备合成大师处进化）,
121026,转·练习皮手套,装备,手套,运动员,2,45,1,1,EquipBase,在背包双击可以装备。（可在装备合成大师处进化）,
121027,转·刁蛮皮手套,装备,手套,运动员,2,1300,1,1,EquipBase,在背包双击可以装备。（可在装备合成大师处进化）,
121028,转·天下·释魂,装备,手套,运动员,2,2300,2,1,EquipBase,在背包双击可以装备。（可在装备合成大师处进化）,
121029,转·天地·拳风,装备,手套,运动员,2,4300,3,1,EquipBase,在背包双击可以装备。（可在装备合成大师处进化）,
121030,转·无双·战术之王,装备,手套,运动员,2,5300,4,1,EquipBase,在背包双击可以装备。（可在装备合成大师处进化）,
121031,转·练习黄手套,装备,手套,军官,1,45,1,1,EquipBase,在背包双击可以装备。（可在装备合成大师处进化）,
121032,转·天上·极皇拳套,装备,手套,军官,1,1300,1,1,EquipBase,在背包双击可以装备。（可在装备合成大师处进化）,
121033,转·天下·卑劣肾击者,装备,手套,军官,1,2300,2,1,EquipBase,在背包双击可以装备。（可在装备合成大师处进化）,
121034,转·天地·死亡颂歌,装备,手套,军官,1,4300,3,1,EquipBase,在背包双击可以装备。（可在装备合成大师处进化）,
121035,转·无双·断肠之殇,装备,手套,军官,1,5300,4,1,EquipBase,在背包双击可以装备。（可在装备合成大师处进化）,
121036,转·练习短靴,装备,鞋子,护士,3,55,1,1,EquipBase,在背包双击可以装备。（可在装备合成大师处进化）,
121037,转·刁蛮短靴,装备,鞋子,护士,3,1400,1,1,EquipBase,在背包双击可以装备。（可在装备合成大师处进化）,
121038,转·天上·自然亲和,装备,鞋子,护士,3,2400,1,1,EquipBase,在背包双击可以装备。（可在装备合成大师处进化）,
121039,转·天下·蔷薇,装备,鞋子,护士,3,3400,2,1,EquipBase,在背包双击可以装备。（可在装备合成大师处进化）,
121040,转·天地·羽兽之灵,装备,鞋子,护士,3,4400,3,1,EquipBase,在背包双击可以装备。（可在装备合成大师处进化）,
121041,转·无双·魔蝎守护者,装备,鞋子,护士,3,5400,4,1,EquipBase,在背包双击可以装备。（可在装备合成大师处进化）,
121042,转·练习板鞋,装备,鞋子,超能力,4,55,1,1,EquipBase,在背包双击可以装备。（可在装备合成大师处进化）,
121043,转·刁蛮板鞋,装备,鞋子,超能力,4,1400,1,1,EquipBase,在背包双击可以装备。（可在装备合成大师处进化）,
121044,转·天上·黑色瘟疫,装备,鞋子,超能力,4,2400,1,1,EquipBase,在背包双击可以装备。（可在装备合成大师处进化）,
121045,转·天下·原谅鞋,装备,鞋子,超能力,4,3400,2,1,EquipBase,在背包双击可以装备。（可在装备合成大师处进化）,
121046,转·天地·星云迷踪,装备,鞋子,超能力,4,4400,3,1,EquipBase,在背包双击可以装备。（可在装备合成大师处进化）,
121047,转·无双·禁锢之限,装备,鞋子,超能力,4,5400,4,1,EquipBase,在背包双击可以装备。（可在装备合成大师处进化）,
121048,转·练习皮鞋,装备,鞋子,军官,1,55,1,1,EquipBase,在背包双击可以装备。（可在装备合成大师处进化）,
121049,转·刁蛮皮鞋,装备,鞋子,军官,1,1400,1,1,EquipBase,在背包双击可以装备。（可在装备合成大师处进化）,
121050,转·天上·刺杀者,装备,鞋子,军官,1,2400,1,1,EquipBase,在背包双击可以装备。（可在装备合成大师处进化）,
121051,转·天下·善斗者,装备,鞋子,军官,1,3400,2,1,EquipBase,在背包双击可以装备。（可在装备合成大师处进化）,
121052,转·天地·预言守卫者,装备,鞋子,军官,1,4400,3,1,EquipBase,在背包双击可以装备。（可在装备合成大师处进化）,
121053,转·无双·天马守护,装备,鞋子,军官,1,5400,4,1,EquipBase,在背包双击可以装备。（可在装备合成大师处进化）,
121054,转·练习运动鞋,装备,鞋子,运动员,2,55,1,1,EquipBase,在背包双击可以装备。（可在装备合成大师处进化）,
121055,转·刁蛮运动鞋,装备,鞋子,运动员,2,1400,1,1,EquipBase,在背包双击可以装备。（可在装备合成大师处进化）,
121056,转·天上·夜神探索,装备,鞋子,运动员,2,2400,1,1,EquipBase,在背包双击可以装备。（可在装备合成大师处进化）,
121057,转·天下·霸域英豪,装备,鞋子,运动员,2,3400,2,1,EquipBase,在背包双击可以装备。（可在装备合成大师处进化）,
121058,转·天地·致命逆袭,装备,鞋子,运动员,2,4400,3,1,EquipBase,在背包双击可以装备。（可在装备合成大师处进化）,
121059,转·无双·玄武鸣天,装备,鞋子,运动员,2,5400,4,1,EquipBase,在背包双击可以装备。（可在装备合成大师处进化）,
121060,转·YOYO的防弹背心·风,装备,衣服,运动员,2,1,4,1,EquipBase,在背包双击可以装备。（可在背包进化）,
121061,转·YOYO的防弹裤·风,装备,裤子,运动员,2,1,4,1,EquipBase,在背包双击可以装备。（可在背包进化）,
121062,转·YOYO的高能手套·风,装备,手套,运动员,2,1,4,1,EquipBase,在背包双击可以装备。（可在背包进化）,
121063,转·YOYO的防火鞋·风,装备,鞋子,运动员,2,1,4,1,EquipBase,在背包双击可以装备。（可在背包进化）,
121064,转·改※YOYO的防弹背心·风,装备,衣服,运动员,2,1,4,1,EquipBase,在背包双击可以装备。（可在背包进化）,
121065,转·改※YOYO的防弹裤·风,装备,裤子,运动员,2,1,4,1,EquipBase,在背包双击可以装备。（可在背包进化）,
121066,转·改※YOYO的高能手套·风,装备,手套,运动员,2,1,4,1,EquipBase,在背包双击可以装备。（可在背包进化）,
121067,转·改※YOYO的防火鞋·风,装备,鞋子,运动员,2,1,4,1,EquipBase,在背包双击可以装备。（可在背包进化）,
121068,转·极※YOYO的防弹背心·风,装备,衣服,运动员,2,1,4,1,EquipBase,在背包双击可以装备。（可在背包进化）,
121069,转·极※YOYO的防弹裤·风,装备,裤子,运动员,2,1,4,1,EquipBase,在背包双击可以装备。（可在背包进化）,
121070,转·极※YOYO的高能手套·风,装备,手套,运动员,2,1,4,1,EquipBase,在背包双击可以装备。（可在背包进化）,
121071,转·极※YOYO的防火鞋·风,装备,鞋子,运动员,2,1,4,1,EquipBase,在背包双击可以装备。（可在背包进化）,
121072,转·尊※YOYO的防弹背心·风,装备,衣服,运动员,2,1,4,1,EquipBase,在背包双击可以装备。（可在背包进化）,
121073,转·尊※YOYO的防弹裤·风,装备,裤子,运动员,2,1,4,1,EquipBase,在背包双击可以装备。（可在背包进化）,
121074,转·尊※YOYO的高能手套·风,装备,手套,运动员,2,1,4,1,EquipBase,在背包双击可以装备。（可在背包进化）,
121075,转·尊※YOYO的防火鞋·风,装备,鞋子,运动员,2,1,4,1,EquipBase,在背包双击可以装备。（可在背包进化）,
121076,转·王※YOYO的防弹背心·风,装备,衣服,运动员,2,1,4,1,EquipBase,在背包双击可以装备。（可在背包进化）,
121077,转·王※YOYO的防弹裤·风,装备,裤子,运动员,2,1,4,1,EquipBase,在背包双击可以装备。（可在背包进化）,
121078,转·王※YOYO的高能手套·风,装备,手套,运动员,2,1,4,1,EquipBase,在背包双击可以装备。（可在背包进化）,
121079,转·王※YOYO的防火鞋·风,装备,鞋子,运动员,2,1,4,1,EquipBase,在背包双击可以装备。（可在背包进化）,
121080,转·皇※YOYO的防弹背心·风,装备,衣服,运动员,2,1,4,1,EquipBase,在背包双击可以装备。（可在背包进化）,
121081,转·皇※YOYO的防弹裤·风,装备,裤子,运动员,2,1,4,1,EquipBase,在背包双击可以装备。（可在背包进化）,
121082,转·皇※YOYO的高能手套·风,装备,手套,运动员,2,1,4,1,EquipBase,在背包双击可以装备。（可在背包进化）,
121083,转·皇※YOYO的防火鞋·风,装备,鞋子,运动员,2,1,4,1,EquipBase,在背包双击可以装备。（可在背包进化）,
121084,转·生者必灭衣·风,装备,衣服,运动员,2,1,4,1,EquipBase,在背包双击可以装备。（可在背包进化）,
121085,转·生者必灭裤·风,装备,裤子,运动员,2,1,4,1,EquipBase,在背包双击可以装备。（可在背包进化）,
121086,转·生者必灭手·风,装备,手套,运动员,2,1,4,1,EquipBase,在背包双击可以装备。（可在背包进化）,
121087,转·生者必灭鞋·风,装备,鞋子,运动员,2,1,4,1,EquipBase,在背包双击可以装备。（可在背包进化）,
121088,转·影※生者必灭衣·风,装备,衣服,运动员,2,1,4,1,EquipBase,在背包双击可以装备。（可在背包进化）,
121089,转·影※生者必灭裤·风,装备,裤子,运动员,2,1,4,1,EquipBase,在背包双击可以装备。（可在背包进化）,
121090,转·影※生者必灭手·风,装备,手套,运动员,2,1,4,1,EquipBase,在背包双击可以装备。（可在背包进化）,
121091,转·影※生者必灭鞋·风,装备,鞋子,运动员,2,1,4,1,EquipBase,在背包双击可以装备。（可在背包进化）,
121092,转·YOYO的防弹背心·火,装备,衣服,超能力,4,1,4,1,EquipBase,在背包双击可以装备。（可在背包进化）,
121093,转·YOYO的防弹裤·火,装备,裤子,超能力,4,1,4,1,EquipBase,在背包双击可以装备。（可在背包进化）,
121094,转·YOYO的高能手套·火,装备,手套,超能力,4,1,4,1,EquipBase,在背包双击可以装备。（可在背包进化）,
121095,转·YOYO的防火鞋·火,装备,鞋子,超能力,4,1,4,1,EquipBase,在背包双击可以装备。（可在背包进化）,
121096,转·改※YOYO的防弹背心·火,装备,衣服,超能力,4,1,4,1,EquipBase,在背包双击可以装备。（可在背包进化）,
121097,转·改※YOYO的防弹裤·火,装备,裤子,超能力,4,1,4,1,EquipBase,在背包双击可以装备。（可在背包进化）,
121098,转·改※YOYO的高能手套·火,装备,手套,超能力,4,1,4,1,EquipBase,在背包双击可以装备。（可在背包进化）,
121099,转·改※YOYO的防火鞋·火,装备,鞋子,超能力,4,1,4,1,EquipBase,在背包双击可以装备。（可在背包进化）,
121100,转·极※YOYO的防弹背心·火,装备,衣服,超能力,4,1,4,1,EquipBase,在背包双击可以装备。（可在背包进化）,
121101,转·极※YOYO的防弹裤·火,装备,裤子,超能力,4,1,4,1,EquipBase,在背包双击可以装备。（可在背包进化）,
121102,转·极※YOYO的高能手套·火,装备,手套,超能力,4,1,4,1,EquipBase,在背包双击可以装备。（可在背包进化）,
121103,转·极※YOYO的防火鞋·火,装备,鞋子,超能力,4,1,4,1,EquipBase,在背包双击可以装备。（可在背包进化）,
121104,转·尊※YOYO的防弹背心·火,装备,衣服,超能力,4,1,4,1,EquipBase,在背包双击可以装备。（可在背包进化）,
121105,转·尊※YOYO的防弹裤·火,装备,裤子,超能力,4,1,4,1,EquipBase,在背包双击可以装备。（可在背包进化）,
121106,转·尊※YOYO的高能手套·火,装备,手套,超能力,4,1,4,1,EquipBase,在背包双击可以装备。（可在背包进化）,
121107,转·尊※YOYO的防火鞋·火,装备,鞋子,超能力,4,1,4,1,EquipBase,在背包双击可以装备。（可在背包进化）,
121108,转·王※YOYO的防弹背心·火,装备,衣服,超能力,4,1,4,1,EquipBase,在背包双击可以装备。（可在背包进化）,
121109,转·王※YOYO的防弹裤·火,装备,裤子,超能力,4,1,4,1,EquipBase,在背包双击可以装备。（可在背包进化）,
121110,转·王※YOYO的高能手套·火,装备,手套,超能力,4,1,4,1,EquipBase,在背包双击可以装备。（可在背包进化）,
121111,转·王※YOYO的防火鞋·火,装备,鞋子,超能力,4,1,4,1,EquipBase,在背包双击可以装备。（可在背包进化）,
121112,转·皇※YOYO的防弹背心·火,装备,衣服,超能力,4,1,4,1,EquipBase,在背包双击可以装备。（可在背包进化）,
121113,转·皇※YOYO的防弹裤·火,装备,裤子,超能力,4,1,4,1,EquipBase,在背包双击可以装备。（可在背包进化）,
121114,转·皇※YOYO的高能手套·火,装备,手套,超能力,4,1,4,1,EquipBase,在背包双击可以装备。（可在背包进化）,
121115,转·皇※YOYO的防火鞋·火,装备,鞋子,超能力,4,1,4,1,EquipBase,在背包双击可以装备。（可在背包进化）,
121116,转·生者必灭衣·火,装备,衣服,超能力,4,1,4,1,EquipBase,在背包双击可以装备。（可在背包进化）,
121117,转·生者必灭裤·火,装备,裤子,超能力,4,1,4,1,EquipBase,在背包双击可以装备。（可在背包进化）,
121118,转·生者必灭手·火,装备,手套,超能力,4,1,4,1,EquipBase,在背包双击可以装备。（可在背包进化）,
121119,转·生者必灭鞋·火,装备,鞋子,超能力,4,1,4,1,EquipBase,在背包双击可以装备。（可在背包进化）,
121120,转·影※生者必灭衣·火,装备,衣服,超能力,4,1,4,1,EquipBase,在背包双击可以装备。（可在背包进化）,
121121,转·影※生者必灭裤·火,装备,裤子,超能力,4,1,4,1,EquipBase,在背包双击可以装备。（可在背包进化）,
121122,转·影※生者必灭手·火,装备,手套,超能力,4,1,4,1,EquipBase,在背包双击可以装备。（可在背包进化）,
121123,转·影※生者必灭鞋·火,装备,鞋子,超能力,4,1,4,1,EquipBase,在背包双击可以装备。（可在背包进化）,
121124,转·YOYO的防弹背心·山,装备,衣服,军官,1,1,4,1,EquipBase,在背包双击可以装备。（可在背包进化）,
121125,转·YOYO的防弹裤·山,装备,裤子,军官,1,1,4,1,EquipBase,在背包双击可以装备。（可在背包进化）,
121126,转·YOYO的高能手套·山,装备,手套,军官,1,1,4,1,EquipBase,在背包双击可以装备。（可在背包进化）,
121127,转·YOYO的防火鞋·山,装备,鞋子,军官,1,1,4,1,EquipBase,在背包双击可以装备。（可在背包进化）,
121128,转·改※YOYO的防弹背心·山,装备,衣服,军官,1,1,4,1,EquipBase,在背包双击可以装备。（可在背包进化）,
121129,转·改※YOYO的防弹裤·山,装备,裤子,军官,1,1,4,1,EquipBase,在背包双击可以装备。（可在背包进化）,
121130,转·改※YOYO的高能手套·山,装备,手套,军官,1,1,4,1,EquipBase,在背包双击可以装备。（可在背包进化）,
121131,转·改※YOYO的防火鞋·山,装备,鞋子,军官,1,1,4,1,EquipBase,在背包双击可以装备。（可在背包进化）,
121132,转·极※YOYO的防弹背心·山,装备,衣服,军官,1,1,4,1,EquipBase,在背包双击可以装备。（可在背包进化）,
121133,转·极※YOYO的防弹裤·山,装备,裤子,军官,1,1,4,1,EquipBase,在背包双击可以装备。（可在背包进化）,
121134,转·极※YOYO的高能手套·山,装备,手套,军官,1,1,4,1,EquipBase,在背包双击可以装备。（可在背包进化）,
121135,转·极※YOYO的防火鞋·山,装备,鞋子,军官,1,1,4,1,EquipBase,在背包双击可以装备。（可在背包进化）,
121136,转·尊※YOYO的防弹背心·山,装备,衣服,军官,1,1,4,1,EquipBase,在背包双击可以装备。（可在背包进化）,
121137,转·尊※YOYO的防弹裤·山,装备,裤子,军官,1,1,4,1,EquipBase,在背包双击可以装备。（可在背包进化）,
121138,转·尊※YOYO的高能手套·山,装备,手套,军官,1,1,4,1,EquipBase,在背包双击可以装备。（可在背包进化）,
121139,转·尊※YOYO的防火鞋·山,装备,鞋子,军官,1,1,4,1,EquipBase,在背包双击可以装备。（可在背包进化）,
121140,转·王※YOYO的防弹背心·山,装备,衣服,军官,1,1,4,1,EquipBase,在背包双击可以装备。（可在背包进化）,
121141,转·王※YOYO的防弹裤·山,装备,裤子,军官,1,1,4,1,EquipBase,在背包双击可以装备。（可在背包进化）,
121142,转·王※YOYO的高能手套·山,装备,手套,军官,1,1,4,1,EquipBase,在背包双击可以装备。（可在背包进化）,
121143,转·王※YOYO的防火鞋·山,装备,鞋子,军官,1,1,4,1,EquipBase,在背包双击可以装备。（可在背包进化）,
121144,转·皇※YOYO的防弹背心·山,装备,衣服,军官,1,1,4,1,EquipBase,在背包双击可以装备。（可在背包进化）,
121145,转·皇※YOYO的防弹裤·山,装备,裤子,军官,1,1,4,1,EquipBase,在背包双击可以装备。（可在背包进化）,
121146,转·皇※YOYO的高能手套·山,装备,手套,军官,1,1,4,1,EquipBase,在背包双击可以装备。（可在背包进化）,
121147,转·皇※YOYO的防火鞋·山,装备,鞋子,军官,1,1,4,1,EquipBase,在背包双击可以装备。（可在背包进化）,
121148,转·生者必灭衣·山,装备,衣服,军官,1,1,4,1,EquipBase,在背包双击可以装备。（可在背包进化）,
121149,转·生者必灭裤·山,装备,裤子,军官,1,1,4,1,EquipBase,在背包双击可以装备。（可在背包进化）,
121150,转·生者必灭手·山,装备,手套,军官,1,1,4,1,EquipBase,在背包双击可以装备。（可在背包进化）,
121151,转·生者必灭鞋·山,装备,鞋子,军官,1,1,4,1,EquipBase,在背包双击可以装备。（可在背包进化）,
121152,转·影※生者必灭衣·山,装备,衣服,军官,1,1,4,1,EquipBase,在背包双击可以装备。（可在背包进化）,
121153,转·影※生者必灭裤·山,装备,裤子,军官,1,1,4,1,EquipBase,在背包双击可以装备。（可在背包进化）,
121154,转·影※生者必灭手·山,装备,手套,军官,1,1,4,1,EquipBase,在背包双击可以装备。（可在背包进化）,
121155,转·影※生者必灭鞋·山,装备,鞋子,军官,1,1,4,1,EquipBase,在背包双击可以装备。（可在背包进化）,
121156,转·YOYO的防弹背心·林,装备,衣服,护士,3,1,4,1,EquipBase,在背包双击可以装备。（可在背包进化）,
121157,转·YOYO的防弹裤·林,装备,裤子,护士,3,1,4,1,EquipBase,在背包双击可以装备。（可在背包进化）,
121158,转·YOYO的高能手套·林,装备,手套,护士,3,1,4,1,EquipBase,在背包双击可以装备。（可在背包进化）,
121159,转·YOYO的防火鞋·林,装备,鞋子,护士,3,1,4,1,EquipBase,在背包双击可以装备。（可在背包进化）,
121160,转·改※YOYO的防弹背心·林,装备,衣服,护士,3,1,4,1,EquipBase,在背包双击可以装备。（可在背包进化）,
121161,转·改※YOYO的防弹裤·林,装备,裤子,护士,3,1,4,1,EquipBase,在背包双击可以装备。（可在背包进化）,
121162,转·改※YOYO的高能手套·林,装备,手套,护士,3,1,4,1,EquipBase,在背包双击可以装备。（可在背包进化）,
121163,转·改※YOYO的防火鞋·林,装备,鞋子,护士,3,1,4,1,EquipBase,在背包双击可以装备。（可在背包进化）,
121164,转·极※YOYO的防弹背心·林,装备,衣服,护士,3,1,4,1,EquipBase,在背包双击可以装备。（可在背包进化）,
121165,转·极※YOYO的防弹裤·林,装备,裤子,护士,3,1,4,1,EquipBase,在背包双击可以装备。（可在背包进化）,
121166,转·极※YOYO的高能手套·林,装备,手套,护士,3,1,4,1,EquipBase,在背包双击可以装备。（可在背包进化）,
121167,转·极※YOYO的防火鞋·林,装备,鞋子,护士,3,1,4,1,EquipBase,在背包双击可以装备。（可在背包进化）,
121168,转·尊※YOYO的防弹背心·林,装备,衣服,护士,3,1,4,1,EquipBase,在背包双击可以装备。（可在背包进化）,
121169,转·尊※YOYO的防弹裤·林,装备,裤子,护士,3,1,4,1,EquipBase,在背包双击可以装备。（可在背包进化）,
121170,转·尊※YOYO的高能手套·林,装备,手套,护士,3,1,4,1,EquipBase,在背包双击可以装备。（可在背包进化）,
121171,转·尊※YOYO的防火鞋·林,装备,鞋子,护士,3,1,4,1,EquipBase,在背包双击可以装备。（可在背包进化）,
121172,转·王※YOYO的防弹背心·林,装备,衣服,护士,3,1,4,1,EquipBase,在背包双击可以装备。（可在背包进化）,
121173,转·王※YOYO的防弹裤·林,装备,裤子,护士,3,1,4,1,EquipBase,在背包双击可以装备。（可在背包进化）,
121174,转·王※YOYO的高能手套·林,装备,手套,护士,3,1,4,1,EquipBase,在背包双击可以装备。（可在背包进化）,
121175,转·王※YOYO的防火鞋·林,装备,鞋子,护士,3,1,4,1,EquipBase,在背包双击可以装备。（可在背包进化）,
121176,转·皇※YOYO的防弹背心·林,装备,衣服,护士,3,1,4,1,EquipBase,在背包双击可以装备。（可在背包进化）,
121177,转·皇※YOYO的防弹裤·林,装备,裤子,护士,3,1,4,1,EquipBase,在背包双击可以装备。（可在背包进化）,
121178,转·皇※YOYO的高能手套·林,装备,手套,护士,3,1,4,1,EquipBase,在背包双击可以装备。（可在背包进化）,
121179,转·皇※YOYO的防火鞋·林,装备,鞋子,护士,3,1,4,1,EquipBase,在背包双击可以装备。（可在背包进化）,
121180,转·生者必灭衣·林,装备,衣服,护士,3,1,4,1,EquipBase,在背包双击可以装备。（可在背包进化）,
121181,转·生者必灭裤·林,装备,裤子,护士,3,1,4,1,EquipBase,在背包双击可以装备。（可在背包进化）,
121182,转·生者必灭手·林,装备,手套,护士,3,1,4,1,EquipBase,在背包双击可以装备。（可在背包进化）,
121183,转·生者必灭鞋·林,装备,鞋子,护士,3,1,4,1,EquipBase,在背包双击可以装备。（可在背包进化）,
121184,转·影※生者必灭衣·林,装备,衣服,护士,3,1,4,1,EquipBase,在背包双击可以装备。（可在背包进化）,
121185,转·影※生者必灭裤·林,装备,裤子,护士,3,1,4,1,EquipBase,在背包双击可以装备。（可在背包进化）,
121186,转·影※生者必灭手·林,装备,手套,护士,3,1,4,1,EquipBase,在背包双击可以装备。（可在背包进化）,
121187,转·影※生者必灭鞋·林,装备,鞋子,护士,3,1,4,1,EquipBase,在背包双击可以装备。（可在背包进化）,
121188,转·限量版女神鞭·风,装备,武器,运动员,2,1,4,1,EquipBase,在背包双击可以装备。（可在背包进化）,
121189,转·限量版扫帚·风,装备,武器,运动员,2,1,4,1,EquipBase,在背包双击可以装备。（可在背包进化）,
121190,转·限量版板砖·风,装备,武器,运动员,2,1,4,1,EquipBase,在背包双击可以装备。（可在背包进化）,
121191,转·限量版冰激淋·风,装备,武器,运动员,2,1,4,1,EquipBase,在背包双击可以装备。（可在背包进化）,
121192,转·限量版辣椒水·风,装备,武器,运动员,2,1,4,1,EquipBase,在背包双击可以装备。（可在背包进化）,
121193,转·限量版苍蝇拍·风,装备,武器,运动员,2,1,4,1,EquipBase,在背包双击可以装备。（可在背包进化）,
121194,转·限量版神秘炸弹·风,装备,武器,运动员,2,1,4,1,EquipBase,在背包双击可以装备。（可在背包进化）,
121195,转·限量版猫抓·风,装备,武器,运动员,2,1,4,1,EquipBase,在背包双击可以装备。（可在背包进化）,
121196,转·限量版神剑·风,装备,武器,运动员,2,1,4,1,EquipBase,在背包双击可以装备。（可在背包进化）,
121197,转·限量版女神鞭·火,装备,武器,超能力,4,1,4,1,EquipBase,在背包双击可以装备。（可在背包进化）,
121198,转·限量版扫帚·火,装备,武器,超能力,4,1,4,1,EquipBase,在背包双击可以装备。（可在背包进化）,
121199,转·限量版板砖·火,装备,武器,超能力,4,1,4,1,EquipBase,在背包双击可以装备。（可在背包进化）,
121200,转·限量版冰激淋·火,装备,武器,超能力,4,1,4,1,EquipBase,在背包双击可以装备。（可在背包进化）,
121201,转·限量版辣椒水·火,装备,武器,超能力,4,1,4,1,EquipBase,在背包双击可以装备。（可在背包进化）,
121202,转·限量版苍蝇拍·火,装备,武器,超能力,4,1,4,1,EquipBase,在背包双击可以装备。（可在背包进化）,
121203,转·限量版神秘炸弹·火,装备,武器,超能力,4,1,4,1,EquipBase,在背包双击可以装备。（可在背包进化）,
121204,转·限量版猫抓·火,装备,武器,超能力,4,1,4,1,EquipBase,在背包双击可以装备。（可在背包进化）,
121205,转·限量版神剑·火,装备,武器,超能力,4,1,4,1,EquipBase,在背包双击可以装备。（可在背包进化）,
121206,转·限量版女神鞭·山,装备,武器,军官,1,1,4,1,EquipBase,在背包双击可以装备。（可在背包进化）,
121207,转·限量版扫帚·山,装备,武器,军官,1,1,4,1,EquipBase,在背包双击可以装备。（可在背包进化）,
121208,转·限量版板砖·山,装备,武器,军官,1,1,4,1,EquipBase,在背包双击可以装备。（可在背包进化）,
121209,转·限量版冰激淋·山,装备,武器,军官,1,1,4,1,EquipBase,在背包双击可以装备。（可在背包进化）,
121210,转·限量版辣椒水·山,装备,武器,军官,1,1,4,1,EquipBase,在背包双击可以装备。（可在背包进化）,
121211,转·限量版苍蝇拍·山,装备,武器,军官,1,1,4,1,EquipBase,在背包双击可以装备。（可在背包进化）,
121212,转·限量版神秘炸弹·山,装备,武器,军官,1,1,4,1,EquipBase,在背包双击可以装备。（可在背包进化）,
121213,转·限量版猫抓·山,装备,武器,军官,1,1,4,1,EquipBase,在背包双击可以装备。（可在背包进化）,
121214,转·限量版神剑·山,装备,武器,军官,1,1,4,1,EquipBase,在背包双击可以装备。（可在背包进化）,
121215,转·限量版女神鞭·林,装备,武器,护士,3,1,4,1,EquipBase,在背包双击可以装备。（可在背包进化）,
121216,转·限量版扫帚·林,装备,武器,护士,3,1,4,1,EquipBase,在背包双击可以装备。（可在背包进化）,
121217,转·限量版板砖·林,装备,武器,护士,3,1,4,1,EquipBase,在背包双击可以装备。（可在背包进化）,
121218,转·限量版冰激淋·林,装备,武器,护士,3,1,4,1,EquipBase,在背包双击可以装备。（可在背包进化）,
121219,转·限量版辣椒水·林,装备,武器,护士,3,1,4,1,EquipBase,在背包双击可以装备。（可在背包进化）,
121220,转·限量版苍蝇拍·林,装备,武器,护士,3,1,4,1,EquipBase,在背包双击可以装备。（可在背包进化）,
121221,转·限量版神秘炸弹·林,装备,武器,护士,3,1,4,1,EquipBase,在背包双击可以装备。（可在背包进化）,
121222,转·限量版猫抓·林,装备,武器,护士,3,1,4,1,EquipBase,在背包双击可以装备。（可在背包进化）,
121223,转·限量版神剑·林,装备,武器,护士,3,1,4,1,EquipBase,在背包双击可以装备。（可在背包进化）,
121224,✰无可匹敌✰,装备,称号,通用,0,6000,4,1,EquipBase,在背包双击可以装备。,
121225,✰唯我独尊✰,装备,称号,通用,0,6000,4,1,EquipBase,在背包双击可以装备。,
121226,✰骨灰级玩家✰,装备,称号,通用,0,6000,4,1,EquipBase,在背包双击可以装备。,
130001,朽木白哉,装备,形象,通用,0,1000,4,1,EquipBase,朽木白哉形象装备,
130002,卍解一护,装备,形象,通用,0,1000,4,1,EquipBase,卍解一护形象装备,
